URL,FILE,KEYWORD
https://github.com/Azure/autorest.csharp.git,package-lock.json,ctypes
https://github.com/nanoric/c2py.git,3rd_party/Python37/include/Python.h,Python.h
https://github.com/lthiery/SPI-Py.git,spi.c,Python.h
https://github.com/JazzCore/ctrlp-cmatcher.git,README.md,Python.h
https://github.com/named-data/ndn-cxx.git,waf,ctypes
https://github.com/SketchUp/ruby-c-extension-examples.git,ThirdParty/bin/win32/swig/Lib/python/embed.i,Python.h
https://github.com/scikit-build/scikit-build.git,CHANGES.rst,Cython
https://github.com/WojciechMula/pyahocorasick.git,README.rst,Cython
https://github.com/miohtama/python-Levenshtein.git,Levenshtein.c,Python.h
https://github.com/paulross/PythonExtensionPatterns.git,PythonExtensionPatterns/PythonExtensionPatterns/Python,ctypes
https://github.com/csoltenborn/GoogleTestAdapter.git,SampleTests/3rdparty/gtest-1.7.0/fused-src/gtest/gtest.h,ctypes
https://github.com/WojciechMula/aspell-python.git,README.rst,ctypes
https://github.com/rmcgibbo/npcuda-example.git,README.md,Cython
https://github.com/encukou/py3c.git,doc/source/capsulethunk.rst,Python.h
https://github.com/inveniosoftware/intbitset.git,CHANGES.rst,Cython
https://github.com/starnight/python-c-extension.git,00-HelloWorld/libmypy.c,Python.h
https://github.com/cilkplus/llvm.git,bindings/ocaml/executionengine/CMakeLists.txt,ctypes
https://github.com/JoshData/diff_match_patch-python.git,interface.cpp,Python.h
https://github.com/teepark/btree.git,src/btree_common.h,Python.h
https://github.com/llllllllll/c-extension-tutorial.git,exercises/fib/fib/fib-abstract-api-extra.c,Python.h
https://github.com/AceCoooool/RoIAlign-RoIPool-pytorch.git,README.md,pybind
https://github.com/iotaledger/pyota-ccurl.git,src/ccurlmodule.c,Python.h
https://github.com/cheind/py-lapsolver.git,.gitmodules,pybind
https://github.com/halftwo/knotty.git,python/vbs/src/_vbs.cpp,Python.h
https://github.com/joerick/pyinstrument_cext.git,pyinstrument_cext.c,Python.h
https://github.com/microsoft/checkedc-llvm-test-suite.git,External/SPEC/CINT2006/471.omnetpp/CMakeLists.txt,ctypes
https://github.com/sonictk/maya_python_c_extension.git,docs/getting_started.md,Python.h
https://github.com/obulkin/string-dist.git,stringdist/cstringdist/cstringdist.c,Python.h
https://github.com/jpakkane/polysnake.git,polysnake.c,Python.h
https://github.com/torms3/DataTools.git,requirements.txt,Cython
https://github.com/asrp/python-espeak.git,espeak/espeakmodulecore.cpp,Python.h
https://github.com/Lnk2past/copperhead.git,copperhead/templates/basic_wrapper.py,Python.h
https://github.com/megaserg/geographiclib-cython-bindings.git,README.md,Cython
https://github.com/BlueCocoa/pyextension.git,streampcap.c,Python.h
https://github.com/nucleic/cppy.git,cppy/include/cppy/defines.h,Python.h
https://github.com/WojciechMula/pyDAWG.git,common.h,Python.h
https://github.com/zopefoundation/zope.proxy.git,.manylinux-install.sh,cffi
https://github.com/buriy/python-chartrie.git,chartrie.c,Cython
https://github.com/JeremyGrosser/fincore.git,fincore.c,Python.h
https://github.com/pytries/DAWG-Python.git,setup.py,Cython
https://github.com/jeog/SimpleOrderbook.git,python/include/advanced_order_py.hpp,Python.h
https://github.com/klobyone/PyBCM2835.git,src/PyBCM2835.c,Python.h
https://github.com/cournape/yaku.git,README,Cython
https://github.com/martwo/BoostNumpy.git,cmake/tools/python.cmake,Python.h
https://github.com/oohlaf/python-whirlpool.git,.appveyor/appveyor-with-compiler.cmd,Cython
https://github.com/peteshadbolt/permanent.git,src/permanent.c,Python.h
https://github.com/ojii/segfault.git,segfault.c,Python.h
https://github.com/toymachine/libredis.git,redis.py,ctypes
https://github.com/tchaumeny/PyPoly.git,pypoly/_pypoly.c,Python.h
https://github.com/limscoder/amfast.git,amfast/ext_src/amf.c,Python.h
https://github.com/namalkanti/bloch-simulator-python.git,bloch/bloch_simulator.c,Python.h
https://github.com/cschwede/python-rabin-fingerprint.git,src/rabin.c,Python.h
https://github.com/jiffyclub/cext23.git,.gitignore,Cython
https://github.com/sirlark/pyringbuf.git,src/ringbuf.c,Python.h
https://github.com/sunqm/capi_example.git,Makefile,ctypes
https://github.com/hotdoc/hotdoc_c_extension.git,hotdoc_c_extension/c_comment_scanner/scanner.h,Python.h
https://github.com/Rizziepit/cffibuilder.git,.gitignore,cffi
https://github.com/makulik/EA_C-C--_Extensions.git,C-C++_CodeEngineering.eap,ctypes
https://github.com/rsms/pyca.git,skeleton/project/src/_macros.h,Python.h
https://github.com/ymotongpoo/cbucho.git,cbucho/cbuchomodule.c,Python.h
https://github.com/divertap/CocosBuilder3-JavaScript-Extensions.git,Example/CCControl-JS-Example/CCControl-JS-Example/libs/SpiderMonkey/ios/include/js-config.h,ctypes
https://github.com/theochem/cgrid.git,python-cgrid/.coveragerc,Cython
https://github.com/pylover/python-bcm2835.git,setup.py,Cython
https://github.com/mknejp/xtd.git,utils/gmock/fused-src/gtest/gtest.h,ctypes
https://github.com/nolta/cayley.git,bindings/python/clang/cindex.py,ctypes
https://github.com/ioggstream/py-sample-c-extension.git,src/factorialfy.c,Python.h
https://github.com/minrk/pybundled.git,README.md,Cython
https://github.com/sushantkhurana/Python-C-Extension.git,helloWorld.cpp,Python.h
https://github.com/JF002/PyOmxPlayer.git,omxplayermodule.cpp,Python.h
https://github.com/joe-jordan/complicated_build.git,README.md,Cython
https://github.com/varkenvarken/NativePythonExtensions.git,BlenderTest/BlenderTest/BlenderTest.cpp,Python.h
https://github.com/slideinc/ptrace.git,ptracemodule.c,Python.h
https://github.com/heavenshell/py-pyltsv.git,pyltsv/pyltsv.h,Python.h
https://github.com/temoto/pyudns.git,udns/mod_udns.c,Python.h
https://github.com/jpcummins/stash.git,waf,ctypes
https://github.com/Dav3xor/pyquadtree.git,pyquadtree.c,Python.h
https://github.com/diegoguimaraes/c-extensions.git,pysample.c,Python.h
https://github.com/anthonywei/python_ext.git,mytest.c,Python.h
https://github.com/KurlesHS/python-c-extension-template.git,template.c,Python.h
https://github.com/joelburton/pyplay.git,bigram.c,Python.h
https://github.com/dburggie/pymath.git,src/pymath.h,Python.h
https://github.com/ayeganov/python_c_ext.git,helloworld.c,Python.h
https://github.com/bartbkr/extensions_tut.git,funcs.c,Python.h
https://github.com/kervinck/chessmoves.git,Source/chessmovesmodule.c,Python.h
https://github.com/six519/pydecodeqr.git,pydecodeqr.cpp,Python.h
https://github.com/davidcrawford/pyhook.git,src/pyhookmodule.c,Python.h
https://github.com/slideinc/prctl.git,prctlmodule.c,Python.h
https://github.com/jiffyclub/omp-python-test.git,src/openmptest.c,Python.h
https://github.com/juntalis/PyOptiPng.git,README.md,Cython
https://github.com/mkwiatkowski/mandelbrot.git,_mandelbrot.c,Python.h
https://github.com/devinus/urlize.git,python_urlize.c,Python.h
https://github.com/chrisjcameron/python_igraph_numpy_c_ext.git,ignp_fun.c,Python.h
https://github.com/BackupGGCode/c-system-abstraction-component-gui.git,doc/doc.doxdb,ctypes
https://github.com/paiweilai/pycmodule.git,pycmodule.c,Python.h
https://github.com/pld-linux/python-pycxx.git,python-pycxx-6.2.4-change-include-paths.patch,Python.h
https://github.com/kurazu/pyext.git,src/basic_mod/basic.c,Python.h
https://github.com/proycon/python-timbl.git,setup2.py,Python.h
https://github.com/bwhmather/ragel-py-ext.git,ragelpyext/test/_core.rl,Python.h
https://github.com/rencoreab/SharePoint-Software-Factory.git,Libraries/ExtensionPack/IronPython.DLL,pybind
https://github.com/remram44/pyjava.git,native/convert.h,Python.h
https://github.com/slideinc/meminfo.git,_meminfomodule.c,Python.h
https://github.com/darius/yajson.git,peg.py,Python.h
https://github.com/haxtibal/netsnmptable.git,netsnmptable/interface.c,Python.h
https://github.com/eaglenature/GCuda.git,docs/doxygenlayout.xml,ctypes
https://github.com/eweddington/ruby-c-extension-examples.git,ThirdParty/bin/win32/swig/Lib/python/embed.i,Python.h
https://github.com/kevbradwick/python-extension-example.git,src/foomodule.h,Python.h
https://github.com/SodaCookie/graphics.git,graphics/core/graphics.h,Python.h
https://github.com/thanasi/python-extensions.git,basictest/basiccmodule.c,Python.h
https://github.com/sleepydragonsw/PyCExtWorkshop.git,denver.c,Python.h
https://github.com/nellaivijay/py_kdtree.git,README,Cython
https://github.com/S-YOU/rc.git,ext/rc_S.c,Python.h
https://github.com/gaohaizhao/mpaxos.git,waf,ctypes
https://github.com/gennad/python-c.git,helloworldmodule/hellomodule.c,Python.h
https://github.com/snaewe/python-cxx.git,CXX/CXX/Config.hxx,Python.h
https://github.com/pydatastructs/avl.git,AVLmodule.c,Python.h
https://github.com/sinistersnare/python-rust-talk.git,from_rust.py,ctypes
https://github.com/waleedassar/NeverShowExt.git,NeverShowExt.ncb,ctypes
https://github.com/deekej/predator.git,vra/tests-unit/gtest/gtest.h,ctypes
https://github.com/kbussell/pyporterstemmer.git,porter_stemmer.cpp,Python.h
https://github.com/Jazmann/openCV-Cxx11.git,3rdparty/ffmpeg/opencv_ffmpeg.dll,ctypes
https://github.com/furuholm/AltRxCpp.git,gmock-1.7.0/fused-src/gtest/gtest.h,ctypes
https://github.com/MatthewNewland/getch.git,getch.c,Python.h
https://github.com/r0wb0t/pyquadtree.git,src/pyquadtree.cpp,Python.h
https://github.com/fredrikhl/py-ext-test.git,README,cffi
https://github.com/rbistolfi/pymount.git,mountmodule.c,Python.h
https://github.com/snyderdan/PyVector.git,linux/VectorMath.c,Python.h
https://github.com/bharath-k/python-extensions.git,example_cpython.c,Python.h
https://github.com/heejune/demo-python-PyCExtDemo1.git,mycpppymodule/mycpppymodule.cpp,Python.h
https://github.com/pylover/raspberrypi-bcm2835.git,setup.py,Cython
https://github.com/mfranberg/indexedfastq.git,cindexedfastq/cindexedfastq.c,Python.h
https://github.com/williamchang/umbraco-webforms-contrib.git,Libraries/cms.pdb,ctypes
https://github.com/rkern/redir.git,ctest.c,Python.h
https://github.com/ekeberg/pynfft.git,nfftmodule.c,Python.h
https://github.com/kbussell/python-ctokenizer.git,tokenizer.c,Python.h
https://github.com/insmo/redis-packer.git,README.md,Python.h
https://github.com/shankar2105/NativeUdpClient_Firefox.git,README.md,ctypes
https://github.com/Vvnrck/sudoku-c-extension.git,sources/sudokumodule.cpp,Python.h
https://github.com/ajdavis/modtest.git,modtest.c,Python.h
https://github.com/addiscode/PyNumReader.git,NumReaderExt.cpp,Python.h
https://github.com/dmbaggett/cx509.git,cx509.c,Python.h
https://github.com/stephan-hof/pthread_event.git,pthread_event/_pthread_event.c,Python.h
https://github.com/NickStephens/python-sensor-extension.git,jni/main.c,Python.h
https://github.com/anuragknp/fixcharset.git,_fixcharset.cc,Python.h
https://github.com/cournape/cython_export.git,README.rst,Cython
https://github.com/EjaadTech/AVRonArduino.git,AVRonArduino/avrdude/msvcp100.dll,ctypes
https://github.com/ajdavis/demo-c-extension.git,demo.c,Python.h
https://github.com/loughnane/Cextension_speed_test.git,extensions.c,Python.h
https://github.com/ekeberg/rotation_sampling.git,rotsamplingmodule.c,Python.h
https://github.com/dbc/phlex.git,README,Python.h
https://github.com/jonbinney/python_ext_example.git,src/demo.c,Python.h
https://github.com/juntalis/ce-luacontrib.git,vendor/ffi/ctype.c,ctypes
https://github.com/chromatic-universe/chromatic_imap_cplus_plus.git,chromatic_imap_lib/chromatic_imap/Debug/chromatic_acceptor.o,ctypes
https://github.com/ajdavis/in-sub-interpreter.git,in_sub_interpreter.c,Python.h
https://github.com/spin6lock/python_c_extension.git,ext1.c,Python.h
https://github.com/hausen/SSLZlibOff.git,README.md,ctypes
https://github.com/brunzefb/MakeFriendAssembly.git,MakeFriendAssembly.VC.db,ctypes
https://github.com/guoliangyu/pyshmsession.git,pyshmsession.cpp,Python.h
https://github.com/stephan-hof/shjson.git,deque.c,Python.h
https://github.com/ekeberg/icosahedron.git,icosahedronmodule.c,Python.h
https://github.com/escherba/qxalign3.git,qxalign.c,Python.h
https://github.com/SolarDrew/Cython-Crotate.git,Ccode/rot_extn.c,Python.h
https://github.com/fish2000/pyicu-praxa.git,_icu.cpp,Python.h
https://github.com/tophathacker/PiRangeFinder.git,src/rangeFinderModule.c,Python.h
https://github.com/doncatnip/require.cython.git,setup.py,Cython
https://github.com/mtholder/cPhyProb.git,cPhyProb/ccore/dsct_model.h,Python.h
https://github.com/dpm314/doublePendulum.git,doublePendulum.c,Python.h
https://github.com/achimnol/pykorea-cext-examples.git,README.md,Cython
https://github.com/guangfeng/python-fnvhash2.git,fnvhash2.c,Python.h
https://github.com/tyler46/python-c-extension-demo.git,src/cenviron.c,Python.h
https://github.com/Rouslan/PyExpose.git,include/pyexpose_common.h,Python.h
https://github.com/BartmanAbyss/vscode-amiga-debug.git,bin/opt/share/info/gdb.info,Python.h
https://github.com/skalenetwork/skaled.git,libskutils/src/console_colors.cpp,ctypes
https://github.com/bioidiap/bob.extension.git,bob/extension/__init__.py,ctypes
https://github.com/hackfin/ghdlex.git,src/handler.c,Python.h
https://github.com/OzymandiasTheGreat/winnotify.git,src/_notify.c,Python.h
https://github.com/yangfly/mtcnn.git,src/core/pybing.cpp,Python.h
https://github.com/sizmailov/pybind11-stubgen.git,README.rst,pybind
https://github.com/agronholm/sample-c-extension.git,.ci/build.cmd,Cython
https://github.com/Intersec/lib-common.git,README.adoc,Cython
https://github.com/jalan/spam.git,spam.c,Python.h
https://github.com/ucas-ict-weak-chicken/pytorch_extension_example.git,README.md,pybind
https://github.com/Quuxplusone/hello-extension.git,glue-src/glue.cc,Python.h
https://github.com/Windr07/WLib.git,DLL/GDAL/msvcp90.dll,ctypes
https://github.com/ragoragino/py-hawkes.git,README.md,Cython
https://github.com/0cjs/pycextdemo.git,README.md,pybind
https://github.com/kevinwong197/webview.git,example/app.exe,ctypes
https://github.com/YouRancestor/PythonModuleDemo.git,build.sh,Python.h
https://github.com/thecodebasesite/c-extension.git,hello.c,Python.h
https://github.com/NorthenFox/otus-C-extension.git,pb.c,Python.h
https://github.com/reed-lau/pyc.git,pyc.c,Python.h
https://github.com/lazakrisz/extendingpython.git,c_extension/extensionmodule.c,Python.h
https://github.com/komo97/CDMExtensions.git,libs/Win32/CDMExtensions.lib,ctypes
https://github.com/andreymulik/sdp-ctypes.git,README.md,ctypes
https://github.com/erikfrojdh/python_cpp_example.git,src/my_module.cpp,Python.h
https://github.com/csatrio/c-extensions.git,hello.c,Python.h
https://github.com/milladgit/python-c-extensions-tut.git,Cext/C_arraytest.c,Python.h
https://github.com/ozansz/fastrequest.git,src/fastrequest.c,Python.h
https://github.com/Kinnay/wiiulib.git,src/module_adpcm.cpp,Python.h
https://github.com/notAlaanor/cppRecolored.git,python/recolored/Lib/site-packages/clang/cindex.py,ctypes
https://github.com/ko-han/python-ctools.git,src/cachemap.c,Python.h
https://github.com/giorgi94/Py_C_extensions.git,README.md,Python.h
https://github.com/GMRiley/C2-Projects.git,Final/Final.sdf,ctypes
https://github.com/GjjvdBurg/NumPy_C_Extension.git,numpy_c_skeleton/core.py,Cython
https://github.com/himmytam/Efficient-FIR-code.git,python_extention/cpart/Debug/vc141.pdb,ctypes
https://github.com/cneira/emacs-cpp.git,emacs-clangcomplete/emacs-clangcomplete.VC.db,ctypes
https://github.com/mockystr/tp_matrix_extenstion.git,cython_matrix/cython_matrix.c,Cython
https://github.com/rahj0/ReLeMeshCpp.git,src/test.py,ctypes
https://github.com/nixen97/CPET.git,ext/src/ext.c,Python.h
https://github.com/lyyiangang/swig-example.git,example_wrap.cpp,Python.h
https://github.com/JackOgaja/pyCryoSat.git,src/pycsarray.c,Python.h
https://github.com/seahawk1986/python3_sundtek.git,sundtek_api.c,Python.h
https://github.com/jamesmeyer1993/LongC.git,bin/longc.h,ctypes
https://github.com/python-packaging-tutorial/hello-cpp.git,hello/_hello.cxx,Python.h
https://github.com/konltk/kconv_Cython.git,kconv_wrapper.c,Cython
https://github.com/sdsxpln/iotaPy-Extension.git,iotaPy.c,Python.h
https://github.com/86Ilya/protobuf_cextension.git,pb.c,Python.h
https://github.com/pkerichang/pybind_example.git,.gitmodules,pybind
https://github.com/msatyan/MySimplePyC.git,MyCExtnMod1/MyCExtnSrc1.c,Python.h
https://github.com/munirhossain/py_c_extension.git,test.c,Python.h
https://github.com/BenjaminBush/rdtscp.git,rdtscp_module.c,Python.h
https://github.com/jam31118/pycpp.git,src/include/_add.h,Python.h
https://github.com/bmcculley/python-c-extensions.git,00-HelloWorld/libmypy.c,Python.h
https://github.com/HussanKhan/PageHawk-C-Extensions.git,C_SENTCOUNT/C_sentcounter_ext.c,Python.h
https://github.com/cz172638/pygrass.git,TODO,Cython
https://github.com/Cologler/extensionmethod-python.git,extensionmethod/__init__.py,ctypes
https://github.com/shubham1172/unshare.git,unshare.c,Python.h
https://github.com/Qinka/pytorch-ext-demo.git,dot_power.pytorch/setup.py,cffi
https://github.com/mdklatt/cppext-python.git,src/cppext/_cpp.cpp,Python.h
https://github.com/TankMermaid/pynw.git,_nw.c,Python.h
https://github.com/jam31118/cext-with-lib.git,src/pyc/_program.c,Python.h
https://github.com/mihaiblidaru/python-extension-template.git,examples/cmathpy/cmathpy.c,Python.h
https://github.com/siri3us/extensions.git,01_hello/hello.c,Python.h
https://github.com/sknsht/graphs.git,AdjacencyMatrix.c,Python.h
https://github.com/taudor/pypuf_helper.git,pypuf_helper_src/python_wrapper.c,Python.h
https://github.com/jam31118/pycext.git,cuda/obj/_add.cc,Python.h
https://github.com/msatyan/PyCExtension.git,MyCLib1/MyCLib1Src.c,Python.h
https://github.com/aodag/mycmath.git,mycmathmodule.c,Python.h
https://github.com/c-bata/python-c-api-example.git,bench.py,Cython
https://github.com/ajcr/IntervalAlgebra.git,src/interval.c,Python.h
https://github.com/vivescere/uvincenty.git,vincenty.c,Python.h
https://github.com/ethanhs/pyqml.git,src/QMLApplication.h,Python.h
https://github.com/yannlandry/cusec_workshop.git,yelp_arithmetic.c,Python.h
https://github.com/tbjc1magic/tbjcPyRootReader.git,decoder/tbjcPyRootReader.cxx,Python.h
https://github.com/aalok-sathe/swig-tutorial-py-c.git,README.md,Python.h
https://github.com/kilian-gebhardt/cython-cpp-adapter.git,README.md,Cython
https://github.com/jerrykcode/MLAlgorithm.git,MLAlgorithm.cpp,Python.h
https://github.com/jweinst1/sword.git,include/sword_csv_read.h,Python.h
https://github.com/jweinst1/PyCExtension.git,README.md,Python.h
https://github.com/rosas-robot/Baxter_IKFast_Python.git,myIKFastwrap.cpp,Python.h
https://github.com/vsmaxim/dmt-2019-dynamic-solver.git,main.cpp,Python.h
https://github.com/jq2/simple_python_extension.git,custom_function.c,Python.h
https://github.com/acarl005/PyBloom.git,README.md,Cython
https://github.com/aoprisor/upath.git,upath/upath.c,Python.h
https://github.com/DobroSun/py_set.git,utils.h,Python.h
https://github.com/kocicjelena/cplusplus_extension_for_py.git,c_module.c,Python.h
https://github.com/edhodapp/bs.git,bs.c,Python.h
https://github.com/Paul-St-Young/thw-python-as-glue.git,1_basic/cpplib/example.cpp,pybind
https://github.com/zekunhao1995/fastvio.git,fastvio.h,Python.h
https://github.com/prasunanand/pytensor.git,tensor/csrc/tensormodule.c,Python.h
https://github.com/deprekate/cpython_extension_template.git,src/cpython_extension_template.cpp,Python.h
https://github.com/gangrel2321/Pixie.git,_gradDescent.cpp,Python.h
https://github.com/uranusjr/cpython-windows-minimal.git,test/hello.c,Python.h
https://github.com/gentom/python-c-extension-module.git,extensions/main.c,Python.h
https://github.com/dewnull/PythonCppExtensionModuleTemplate.git,fast_tools/tool1/src/tool1Module.cpp,Python.h
https://github.com/xkortex/python_extension_lab.git,CMakeLists.txt,Python.h
https://github.com/tonikarppi/py-ext-sample.git,fibonacci.c,Python.h
https://github.com/python-packaging-tutorial/hello-cython.git,CMakeLists.txt,Cython
https://github.com/eddieantonio/pctncd.git,pctncd/_pctncd.c,Python.h
https://github.com/ThibHlln/smartcpp.git,smartcpp/smartcpp.cpp,Python.h
https://github.com/tsupei/CExtension.git,csum/csum.c,Python.h
https://github.com/gentom/calgopy.git,sort/module/sort.c,Python.h
https://github.com/taudor/polymath.git,polymath_src/python_wrapper.c,Python.h
https://github.com/neptune46/cpp-extension-for-python.git,superfastcode/module.cpp,Python.h
https://github.com/rasmartguy/racrypt.git,racrypt/__init__.py,ctypes
https://github.com/bsolomon1124/hello-c-extension.git,cmod/_cmodule.cc,Python.h
https://github.com/goldstar611/python3-aa.git,aa.c,Python.h
https://github.com/buckerman/goertzel-filter-optimized.git,goertzel.c,Python.h
https://github.com/lujiajing1126/tov-solver.git,src/common.h,Python.h
https://github.com/s3a-spatialaudio/visr-cpp-library-example.git,3rd/pybind11/.gitignore,pybind
https://github.com/Nic30/example_python_c_extension_multilib.git,example_setuptools/ext0/ext0.cpp,Python.h
https://github.com/BazTheLinuxGuy/Python-Extensions-in-C.git,getchmodule.c,Python.h
https://github.com/jcfr/scipy_2018_scikit-build_talk.git,README.md,Cython
https://github.com/byGeek/python_call_cpp.git,src/PythonApplication1/Project1/Source.cpp,Python.h
https://github.com/darksinge/python-C-extensions.git,CPython/README.md,Python.h
https://github.com/paulross/xmlwriter.git,Discoveries.md,Cython
https://github.com/babiking/CDLL_PythonWrapper.git,README.md,Cython
https://github.com/tommathewXC/argonath.git,c-extension/.vscode/ipch/f1c2e3168c7140b9/argonath.ipch,Python.h
https://github.com/MaxNoe/cython-demo.git,cython_demo/fib.c,Cython
https://github.com/counsellors/test_pymodule.git,tom.cpp,Python.h
https://github.com/chopnut/Ernanis-Renamer.git,packages/WindowsAPICodePack-Shell.1.1.1/lib/Microsoft.WindowsAPICodePack.Shell.dll,ctypes
https://github.com/dfrojas/exploring-c-extension-python.git,alice_and_bob.c,Python.h
https://github.com/abunchofhacks/caramel-recolor.git,src/caramelrecolor.c,Python.h
https://github.com/shuuji3/python-extension-twister.git,src/twistermodule.c,Python.h
https://github.com/amit112amit/learn_cython.git,setup.py,Cython
https://github.com/UCL/scikit-surgeryopencvcpp.git,.gitmodules,pybind
https://github.com/Penlect/helloworld-c-api.git,helloworld.c,Python.h
https://github.com/chrmihir/c-extension-python.git,ex.c,Python.h
https://github.com/douglas-carmichael/pymacoslog.git,macoslog.c,Python.h
https://github.com/panpilkarz/pypow10.git,README.md,cffi
https://github.com/jimfoltz/import-layers.git,src/ThirdParty/bin/win32/swig/Lib/python/embed.i,Python.h
https://github.com/AlyShmahell/AlyShmahell-InfoSecIntro.git,rc4.c,Python.h
https://github.com/gregvw/cpython-vim.git,README.md,Python.h
https://github.com/zachmullen/hashstate.git,hashstate/_hashstate.c,Python.h
https://github.com/xiahouzuoxin/libpyhdfs.git,src/pyhdfs.c,Python.h
https://github.com/jakubkarczewski/DistanceMatrixG6.git,simple_graphsmodule.c,Python.h
https://github.com/initbar/cPadding.git,README.md,Cython
https://github.com/cheenar/cpp-simple-stl-extensions.git,CSTL/.vs/CSTL/v16/Browse.VC.db,ctypes
https://github.com/hvvka/pypi-native-cpp.git,example/better_than_python.cpp,Python.h
https://github.com/gdepuydt/c2py.git,spammodule.c,Python.h
https://github.com/jweinst1/dbson.git,src/mainpy.c,Python.h
https://github.com/melindalx/parmetismodule.git,parmetismodule.c,Python.h
https://github.com/BrotherhoodOfHam/PythonExtensionTemplate.git,.gitmodules,pybind
https://github.com/matthias-bitzer/PythonCExtension.git,README.md,Python.h
https://github.com/markdouthwaite/cython-examples.git,Part1-Getting-Started/setup.py,Cython
https://github.com/christian-hahn/python-uhd.git,uhd/uhd.cpp,Python.h
https://github.com/sebschrader/pyrdtsc.git,src/pyrdtsc.c,Python.h
https://github.com/gmossessian/pycrocksdb.git,src/pycrocksdbobject.c,Python.h
https://github.com/six519/pyeddystoneurl.git,pyeddystoneurl_scan.c,Python.h
https://github.com/monsterxx03/legacyhash.git,hash.c,Python.h
https://github.com/simondlevy/PythonExtensionsExample.git,myextensions.c,Python.h
https://github.com/asierra01/ibm_db_test.git,README.md,ctypes
https://github.com/tvanslyke/strdict.git,include/KeyInfo.h,Python.h
https://github.com/the-kaustubh/Format-Py-C.git,format.py.c,Python.h
https://github.com/lcskrishna/python-c-extension.git,hello-example/hello.c,Python.h
https://github.com/JoshGelua/Wheel-of-Misfortune-Multiplayer.git,dictionary.txt,ctypes
https://github.com/lucasgcb/CPython-Extensions.git,README.md,Python.h
https://github.com/UCL/scikit-surgerypclcpp.git,.gitmodules,pybind
https://github.com/LSSTDESC/postgres-cmath.git,generate_pg_cmath.py,ctypes
https://github.com/bitcv/knotty.git,python/vbs/src/_vbs.cpp,Python.h
https://github.com/kushalvyas/PyObjects-and-Boost-tutorials.git,demo/using_pyobjeccts_cpp/math_framework.cpp,Python.h
https://github.com/dsisnero/asdl.git,lib/asdl/python_generator.rb,Python.h
https://github.com/praveen-oak/webgl-parametric-surfaces.git,system/client/js/third-party/codemirror/CHANGELOG.md,Python.h
https://github.com/neonatura/share.git,src/sexe/lctype.h,ctypes
https://github.com/d3x0r/micro-C-Boost-FileSystem.git,sack_ucb_filelib.c,ctypes
https://github.com/evandrocoan/fastfilepackage.git,source/fastfile.cpp,Python.h
https://github.com/d3x0r/micro-C-Boost-Core.git,sack_ucb_full.c,ctypes
https://github.com/jmikeowen/PYB11Generator.git,PYB11Generator/PYB11STLmethods.py,pybind
https://github.com/laptopapik/phalcon-porto.git,public/assets/bower_components/bootstrap/grunt/npm-shrinkwrap.json,ctypes
https://github.com/d3x0r/micro-C-Boost-Network.git,sack_ucb_networking.c,ctypes
https://github.com/mhammond/pywin32.git,Pythonwin/Scintilla/src/LexHaskell.cxx,Python.h
https://github.com/pybluez/pybluez.git,bluez/btmodule.h,Python.h
https://github.com/DonJayamanne/pythonVSCode.git,data/get-pip.py,cffi
https://github.com/SeanCline/PyExt.git,test/scripts/win32debug.py,ctypes
https://github.com/deeptools/pyBigWig.git,pyBigWig.c,Python.h
https://github.com/CAHLR/pyBKT.git,fit/E_step.cpp,Python.h
https://github.com/Googulator/pypiwin32.git,Pythonwin/Scintilla/src/LexHaskell.cxx,Python.h
https://github.com/mattfowler/PythonCExtensions.git,python_vs_c/std.cpp,Python.h
https://github.com/PDAL/python.git,README.rst,Cython
https://github.com/pythonql/pythonql.git,Grammar.md,Python.h
https://github.com/neoclide/coc-python.git,pythonFiles/visualstudio_py_testlauncher.py,ctypes
https://github.com/khilnani/pythonista-scripts.git,thirdparty/Misc/lukaskollmer-pythonista-scripts/x-callback-url/x_callback_url.py,ctypes
https://github.com/darvid/python-hyperscan.git,hyperscan/hyperscanmodule.c,Python.h
https://github.com/dynamsoft-dbr/python.git,src/dbr.c,Python.h
https://github.com/NateShoffner/PySnip.git,build.py,Cython
https://github.com/prologic/pyinstaller-cython-bundling.git,README.md,Cython
https://github.com/novocaine/rust-python-ext.git,README.md,ctypes
https://github.com/adafruit/Adafruit_Python_PureIO.git,Adafruit_PureIO/smbus.py,ctypes
https://github.com/huku-/pyrsistence.git,includes.h,Python.h
https://github.com/fantasy/cppjieba-py.git,.gitmodules,pybind
https://github.com/hamiltron/py-simple-audio.git,appveyor/build.cmd,Cython
https://github.com/tczhangzhi/pytorch-parallel.git,README.md,pybind
https://github.com/CyrilWaechter/pyRevitMEP.git,pyRevitMEP.tab/Manage.panel/Fluid.pulldown/FluidCreate.pushbutton/script.py,ctypes
https://github.com/chrischoy/MakePytorchPlusPlus.git,pybind/bind.cpp,pybind
https://github.com/Azure/autorest.python.git,src/vanilla/CodeNamerPy.cs,Python.h
https://github.com/danifus/pyzipper.git,test/support/__init__.py,ctypes
https://github.com/xzos/PyZDDE.git,Test/zfileutilsTest.py,ctypes
https://github.com/gabrielelanaro/emacs-for-python.git,README.org,Cython
https://github.com/dropbox/pyxl.git,pyxl/codec/html_tokenizer.py,ctypes
https://github.com/maxmind/MaxMind-DB-Reader-python.git,extension/maxminddb.c,Python.h
https://github.com/Travis-Sun/pywin32.git,.hg/store/fncache,Python.h
https://github.com/gebart/python-v4l2capture.git,v4l2capture.c,Python.h
https://github.com/jparise/php-python.git,README.md,Python.h
https://github.com/ajakubek/python-llist.git,src/dllist.c,Python.h
https://github.com/mate-desktop/python-caja.git,po/eu.po,Python.h
https://github.com/dchest/pyblake2.git,pyblake2module.c,Python.h
https://github.com/ludwigschwardt/python-gnureadline.git,Modules/2.x/readline.c,Python.h
https://github.com/tompreston/python-lirc.git,requirements.txt,Cython
https://github.com/brainiac/MQ2Py.git,MQ2PyExt_Character.cpp,Python.h
https://github.com/kw/pymex.git,any2str.m,Python.h
https://github.com/GNOME/nautilus-python.git,configure.ac,Python.h
https://github.com/etrepum/pyutf8.git,pyutf8/_speedups.c,Python.h
https://github.com/sdpython/pyquickhelper.git,HISTORY.rst,pybind
https://github.com/alfredh/pylibre.git,src/error.c,Python.h
https://github.com/juntalis/ntfslink-python.git,ReadMe.md,ctypes
https://github.com/dirjud/python-dpms.git,pydpms.c,Python.h
https://github.com/farsightsec/pynmsg.git,README,Cython
https://github.com/dshikashio/pywindbg.git,pyembed.cpp,Python.h
https://github.com/agoragames/pyevent.git,README,Cython
https://github.com/farsightsec/pywdns.git,README,Cython
https://github.com/Surgo/python-innosetup.git,innosetup/innosetup.py,ctypes
https://github.com/wulczer/pyhstore.git,pyhstore.c,Python.h
https://github.com/jasonbot/pyaddin-interval-caller.git,tickextension/call_later.py,ctypes
https://github.com/tinio/pysqlite.git,src/backup.h,Python.h
https://github.com/contextlogger/pyexpat.git,doc/pyexpat-port-description.html,Python.h
https://github.com/tharen/PyFVS.git,.appveyor/run_with_env.cmd,Cython
https://github.com/openstack/python-brick-cinderclient-ext.git,lower-constraints.txt,cffi
https://github.com/lifning/python-retro.git,py_retro/README,ctypes
https://github.com/bondgeek/pythonhacks.git,cython/PyQuant/quantlib/instruments/option.pyx,Cython
https://github.com/colgur/libclang-py.git,cindex.c,Python.h
https://github.com/mk-fg/fgc.git,fgc/inotify.py,ctypes
https://github.com/Azure/azure-python-siteextensions.git,readme.md,Python.h
https://github.com/ph4r05/py-cryptonight.git,src/pycryptonight.c,Python.h
https://github.com/chandu-atina/lp_solve_python_3x.git,extra/Python/Python.htm,Python.h
https://github.com/kdrag0n/pyrobud.git,poetry.lock,cffi
https://github.com/pyccel/pyccel.git,doc/language/index.rst,Python.h
https://github.com/AzureAD/microsoft-authentication-extensions-for-python.git,msal_extensions/osx.py,ctypes
https://github.com/SergeySatskiy/cdm-pythonparser.git,legacy/src/cdmpyparser.c,Python.h
https://github.com/dashesy/pyavfcam.git,capture_picture.py,Cython
https://github.com/google/yara-procdump-python.git,yara_procdump_python.c,Python.h
https://github.com/overfl0/Pythia.git,README.md,Cython
https://github.com/bigchaindb/python-rapidjson-schema.git,schema.cpp,Python.h
https://github.com/bnaecker/pygsvd.git,src/_gsvd.c,Python.h
https://github.com/jtgrassie/pyrx.git,.gitmodules,pybind
https://github.com/bitprim/bitprim-py-native.git,binary.h,Python.h
https://github.com/zooba/PythonExtensionModuleTemplate.git,PythonExtensionModule/module.c,Python.h
https://github.com/tillbaum/pytiba.git,README.md,Python.h
https://github.com/glichtner/pystackreg.git,src/py_import_call_execute.cpp,Python.h
https://github.com/inforian/drf-pyotp.git,requirements.txt,cffi
https://github.com/clavay/PyScada-Laborem.git,README.rst,Cython
https://github.com/victordomingos/Count-files.git,count_files/platforms.py,ctypes
https://github.com/arizvisa/pywin32.git,Pythonwin/Scintilla/src/LexHaskell.cxx,Python.h
https://github.com/seanwu1105/vscode-qt-for-python.git,utils/fetch_spec.py,ctypes
https://github.com/jeffmahoney/gdb-python.git,gas/testsuite/ChangeLog-2009,cffi
https://github.com/tml21/libtml-python.git,src/common/_py_unicode.cpp,Python.h
https://github.com/luizirber/2018-python-rust.git,01.intro.md,Cython
https://github.com/sbl1996/pytorch-hrvvi-ext.git,.travis.yml,pybind
https://github.com/jparkhill/RealtimePySCF.git,tdscf/func.py,ctypes
https://github.com/mjbryant/python-extension-gdb-example.git,src/c/python_extension.c,Python.h
https://github.com/hernanbari/pylissom.git,conda_env.yml,cffi
https://github.com/jp-bennett/PyGPIO.git,gpiomodule.c,Python.h
https://github.com/rmatam/python-dse-graph.git,docs/installation.rst,Cython
https://github.com/jribbens/pycpdf.git,pycpdfmodule.c,Python.h
https://github.com/OURadar/PyRadarKit.git,radarkit/rk.c,Python.h
https://github.com/bekbulatov/PyV8Mono.git,monocontext.cpp,Python.h
https://github.com/chfly2000/python-tdadapter.git,cliviipy.h,Python.h
https://github.com/codeout/python-wireshark-dissector.git,pywireshark.c,Cython
https://github.com/AgentJay/python-rest-server.git,cgi-bin/twilio/contrib/httplib2/__init__.py,Python.h
https://github.com/madrury/pycmath.git,pycmath.c,Python.h
https://github.com/roebel/py_find_1st.git,setup.py,Cython
https://github.com/DavidMaldonado0/PyCrash.git,SandBox/python_sandbox_finished/files.py,Python.h
https://github.com/nyyManni/pydev-client.git,README.org,Cython
https://github.com/cbornstein/python-length-extension.git,pymd5.py,Python.h
https://github.com/dyedgreen/qt-creator-python-extensions.git,docs/plugin.md,Python.h
https://github.com/PeterQLee/gridCRF.git,src/gridCRF.h,Python.h
https://github.com/maomaoGod/PyExtension.git,GeometryModule/GeometryModule.cpp,Python.h
https://github.com/kashirin-alex/PyHelpers.git,pyhelpers/tcmalloc.cc,pybind
https://github.com/PeihongKe/PythonCppExtension.git,hello_module.c,Python.h
https://github.com/susheelkv/python_extensions.git,sample.c,Python.h
https://github.com/AllGloryToTheHypnotoad/python-extensions.git,c/spammodule.c,Python.h
https://github.com/mishag/pytrie.git,trie/triemodule.cpp,Python.h
https://github.com/hungrybirder/pysmhasher.git,pysmhasher.cpp,Python.h
https://github.com/mouxev/pythonext.git,helloworld.c,Python.h
https://github.com/maxtuno/python3-cpp.git,basic_module/py_foo.hh,Python.h
https://github.com/piScope/PyMFEM_extension_sample.git,mfem_ext_sample/sample_a_wrap.cxx,Python.h
https://github.com/jhedev/mpi_python.git,mpi_test.cpp,Python.h
https://github.com/TheLazyScripter/PyScreen.git,src/PyScreen/screen.py,ctypes
https://github.com/hcope/QuickPy.git,skulpt-stdlib.js,ctypes
https://github.com/gongfan99/numpy_extension_ny1.13.1_py3.6.git,mylib.cc,Python.h
https://github.com/rnbguy/python-reluplex.git,reluplex/Reluplex2py.cpp,Python.h
https://github.com/hiraditya/python-extension.git,hello.c,Python.h
https://github.com/eyakimov-bbg/python-testmodule.git,setup.py,Cython
https://github.com/kolkil/python-extensions.git,printing/sayHello.c,Python.h
https://github.com/lexygon/python-c-extension-examples.git,calculator-example/calculator.c,Python.h
https://github.com/yaozhq/PyZLabelLDA.git,zlabelLDA.c,Python.h
https://github.com/ImNaohaing/PythonForKinect.git,PythonCpp.sdf,ctypes
https://github.com/eider-rpc/eider-pybind11.git,README.md,pybind
https://github.com/allebacco/PyInlineModule.git,pyinlinemodule/module.py,pybind
https://github.com/MarcoMuellner/PyDIAMONDS-Background.git,docs/_build/doctrees/source/pyDiamondsBackground.doctree,pybind
https://github.com/beyaznet/python-medioex-module.git,medioex.c,Python.h
https://github.com/sagaxu/python-go-extension.git,foo.py,cffi
https://github.com/measurement-kit/measurement-kit-python.git,README.md,pybind
https://github.com/bonnetn/test_python_extension.git,src/pathfindermodule.cpp,Python.h
https://github.com/mbuechse/pysqlite.git,src/backup.h,Python.h
https://github.com/jamercee/cookiecutter-pyext.git,{{cookiecutter.module}}/{{cookiecutter.module}}_module.cpp,Python.h
https://github.com/QuincyWork/Python-extension-for-WinDbg.git,branch/0.2.x/docs/en/documentation.txt,Python.h
https://github.com/differentiablef/py-nvram.git,src/common.h,Python.h
https://github.com/cyberee/PY_SPI.git,PY_Spi.c,Python.h
https://github.com/standard-error/python-ravencoinlib.git,doc/conf.py,ctypes
https://github.com/moroen/pycoap.git,src/py3coap/py3coap.h,Python.h
https://github.com/novocaine/pydbscan.git,pydbscan.cc,Python.h
https://github.com/jcaberio/pyarmstrong.git,armstrong.c,Python.h
https://github.com/nishi951/pyrednet.git,spec-file.txt,cffi
https://github.com/shenfe/pylib.git,libcpp/lib_pybind.cc,pybind
https://github.com/normanpatrick/python-golang-extension.git,helper.c,Python.h
https://github.com/pyecharts/pyecharts-jupyter-installer.git,pyecharts_jupyter_installer/jupyter_install.py,Python.h
https://github.com/MrSpadala/Python-C-ext-testing.git,examplemodule.c,Python.h
https://github.com/wdicharry/python-cxx-extension.git,extension.cpp,Python.h
https://github.com/mgharbi/halide_pytorch.git,halide_pytorch/extension.py,pybind
https://github.com/danielpilla/qlik-python-sse-nfl-playbyplay-predictions.git,NFLWin-SSE/models/2011model.pkl,cffi
https://github.com/lukaszlaszko/pybind11_ext.git,CMakeLists.txt,pybind
https://github.com/Azizollahi/PythonNativeExample1.git,example/classes/Classy/Classy.cpp,Python.h
https://github.com/metatrevor/python-c.git,_factorial.c,Python.h
https://github.com/vatlab/sos-python.git,test/conftest.py,Python.h
https://github.com/bmatthieu3/pygamma_slides.git,story_board.md,cffi
https://github.com/giannich/Python-Assignments.git,.metadata/.plugins/com.python.pydev.analysis/python_v1_1kmhqceid97n1edcw751hu2kr/python.pydevsysteminfo,ctypes
https://github.com/idemia/python-wsq.git,csrc/_wsq.c,Python.h
https://github.com/OsmanKandemir/fundamental-win-py-apps.git,README.md,ctypes
https://github.com/urnenfeld/eth-py-scapy.git,scapy_someip.py,ctypes
https://github.com/ryuichi1208/py-extends-mod.git,module/extends.c,Python.h
https://github.com/bug00r/py_render_lib.git,py_render_test.py,ctypes
https://github.com/danielpilla/qlik-python-sse-churn-model-predictions.git,README.md,Python.h
https://github.com/anoadragon453/qubes-nautilus-python-trust.git,configure.in,Python.h
https://github.com/pganssle-talks/pygotham-2019-rust-extensions.git,_posts/0000-07-05-downsides.md,Cython
https://github.com/NablaZeroLabs/test-python-extensions.git,src/core.cpp,Python.h
https://github.com/patgrosse/wmediumd-python-connector.git,wmediumd/wmediumdPyConnector.py,ctypes
https://github.com/Castaglia/proftpd-mod_python.git,interp.c,Python.h
https://github.com/shuttle1987/conditional_python_compilation.git,external/python_bindings/dot_product.c,Python.h
https://github.com/ucphhpc/pygdb.git,pygdb/_breakpoint.c,Python.h
https://github.com/argp/pykeynote.git,keynote.c,Python.h
https://github.com/extremecoders-re/pystack.git,pystack.cpp,Python.h
https://github.com/jwilk-mirrors/Pyrex.git,Attic/TypeChecking.html,Python.h
https://github.com/BackupGGCode/pypcap.git,pcap.pyx,Python.h
https://github.com/jfvalmores/PyStepper.git,js/togetherjs/togetherjs/fonts/OpenSans-Regular.ttf,cffi
https://github.com/Solkers/PyBSP.git,config.h,Python.h
https://github.com/atpalmer/python-threadfun.git,src/threadfun.c,Python.h
https://github.com/xwiki-contrib/repository-pypi.git,src/test/resources/org/xwiki/contrib/repository/pypi/internal/searching/packagesList.html,Cython
https://github.com/lpossner/pygpc_extensions.git,src/pygpc_extensions.cpp,Python.h
https://github.com/Kuraisu/python-xkeyboard.git,src/xkeyboard-mod.cpp,Python.h
https://github.com/kurazu/pycon2015.git,examples/cffi.pycon,cffi
https://github.com/adonis0147/py-behavior-tree.git,BehaviorTree/include/global.h,Python.h
https://github.com/PatrickLaban/PythonPersonality.git,pypersonality.c,Python.h
https://github.com/six519/pyecm2cue.git,unecm.cpp,Python.h
https://github.com/solker2015/Py3BSP.git,include/frontend/module.hpp,Python.h
https://github.com/shahzina/UCB_PythonModule.git,udemy_exercise/web_starter.csv,Python.h
https://github.com/Solkers/Py3BSP.git,include/frontend/module.hpp,Python.h
https://github.com/davidebbo/PythonSiteExtension.git,Content/wfastcgi.py,ctypes
https://github.com/hanya/pyuno3ext.git,pyuno/inc/pyuno/pyuno.hxx,Python.h
https://github.com/geoffryan/python-integrate-c.git,_integrate.c,Python.h
https://github.com/Halolegend94/helloworld-python-extension.git,hello/hello_py.c,Python.h
https://github.com/svenni1337/source-python-extensions.git,_libs/__init__.py,ctypes
https://github.com/martinvh51/source-python-extensions.git,_libs/__init__.py,ctypes
https://github.com/pganssle-talks/pylondinium-2019-rust-extensions.git,_posts/0000-07-05-downsides.md,Cython
https://github.com/MacHu-GWU/cryptology-in-python.git,packages/bcrypt/bcrypt-1.1.0-cp27-none-win32.whl,cffi
https://github.com/yottaawesome/python-win-extension.git,src/superfastcode/module.cpp,Python.h
https://github.com/Elphel/python-elphel-extensions.git,elphel.py,ctypes
https://github.com/asierra01/pyarrow_to_db2.git,README.md,pybind
https://github.com/adityaramesh/python_dummy_extension.git,source/dummy.cpp,Python.h
https://github.com/lacanl/source-python-extensions.git,_libs/__init__.py,ctypes
https://github.com/ABSAhmad/source-python-extensions.git,_libs/__init__.py,ctypes
https://github.com/pscottdevos/sqlite3-python.git,sqlite3python.c,Python.h
https://github.com/trikzjumper/source-python-extensions.git,_libs/__init__.py,ctypes
https://github.com/G4AW/source-python-extensions.git,_libs/__init__.py,ctypes
https://github.com/xdhika31/source-python-extensions.git,_libs/__init__.py,ctypes
https://github.com/Knio/py35win64ext.git,src/helloworld.c,Python.h
https://github.com/mrmicjam/pycartogram.git,setup.py,Cython
https://github.com/KratosNetworks/pycompass.git,libpycompass.c,Python.h
https://github.com/psychogenic/pyserialui.git,pyserialui/examplehandler.py,Python.h
https://github.com/thelahunginjeet/pycyexamp.git,convolve.c,Cython
https://github.com/adamcavendish/CMakePythonExtensionsWith2And3.git,cmake/FindPython.cmake,Python.h
https://github.com/rdrussotto/PythonGillAtmosphere.git,ReproduceBrethertonSobelFigures.ipynb,cffi
https://github.com/Keithcat1/Multimodule.git,multimodule.py,Cython
https://github.com/AlSeel/python-obd.git,pyobd.c,Python.h
https://github.com/jhermann/gfm-cmark-py.git,setup.py,ctypes
https://github.com/nickadlakha/isis_ospf_py.git,isis_ospf.py,ctypes
https://github.com/seansawyer/py-c-extension-cleanup.git,watch.c,Python.h
https://github.com/GoodiesHQ/PyPic.git,PyPic.sdf,ctypes
https://github.com/MBradbury/python_java_random.git,src/java_random_module.c,Python.h
https://github.com/alexsilva/xapian-binding-python.git,modern/xapian_wrap.cc,Python.h
https://github.com/Midnighter/python-minimal-extension.git,setup.py,Cython
https://github.com/sedeen-piip-plugins/Python-Extension-with-Kernel.git,PythonKernel.h,Python.h
https://github.com/Benjamin28/VSCode-Python-Coverage.git,node_modules/argparse/lib/argument_parser.js,Python.h
https://github.com/RoverRobotics/colcon-python-shell.git,colcon_python_shell/shell/python_shell.py,Python.h
https://github.com/tempbottle/pyev2.git,ev2/mod_ev2.c,Python.h
https://github.com/mGalarnyk/UCSD_EXT_Data_Analytics_Python.git,Session_1/Exercises/.ipynb_checkpoints/Day1-checkpoint.ipynb,Python.h
https://github.com/zxygentoo/ocaml-ctypes-python-extension-example.git,.merlin,ctypes
https://github.com/pete9936/pyTWTL_ObsAvoid.git,lib/antlr-3.1.3.jar,Python.h
https://github.com/anlambert/python_manylinux_cmake_test_project.git,sip-4.18/ChangeLog,pybind
https://github.com/vug/puredata-python.git,pd-python-fixed-code/main.c,Python.h
https://github.com/mk-j/Py_openssl_x509_verify.git,x509tools.c,Python.h
https://github.com/abdel792/forPython.git,forPython/__init__.py,Python.h
https://github.com/gonsuke/python-luxio.git,README.rst,Cython
https://github.com/skroll/py-osxkeychain.git,src/_osxkeychain/osxkeychain.c,Python.h
https://github.com/sushantkhurana/Lemmagen-Python-Extension.git,expose_to_python.cpp,Python.h
https://github.com/maxcountryman/pyxine-branch.git,pyxine-ng/src/setup.py,Cython
https://github.com/hhatto/pyjsmn.git,pyjsmn/_jsmn.c,Python.h
https://github.com/mdobson/python-spam-module.git,spammodule.c,Python.h
https://github.com/crankycoder/PyInception.git,mono/python.net/setup.py,Cython
https://github.com/shuque/pykpass.git,wrap_kpass.c,Python.h
https://github.com/ajakubek/python-sha3.git,src/common.h,Python.h
https://github.com/admk/vpi_pyeval.git,vpi_pyeval.c,Python.h
https://github.com/mark-nicholson/python-editline.git,editline/lineeditor.py,ctypes
https://github.com/kracekumar/offline-python.git,js/lib/python2.7/config/Makefile,ctypes
https://github.com/brooklynpacket/py-scrypt.git,src/scrypt2.c,Python.h
https://github.com/ocozalp/extending-python.git,shortcuts.c,Python.h
https://github.com/ArmyOfPirates/pyPopUp.git,popup.h,Python.h
https://github.com/payden/libwebsock-python.git,libwebsock.c,Python.h
https://github.com/RJVB/Py_RJVB.git,PythonHeader.h,Python.h
https://github.com/contextlogger/pyinbox.git,src/inbox.h,Python.h
https://github.com/contextlogger/pybtswitch.git,src/local_epoc_py_utils.h,Python.h
https://github.com/contextlogger/pyaosocket.git,src/apnconnection.h,Python.h
https://github.com/contextlogger/pynewfile.git,src/local_epoc_py_utils.h,Python.h
https://github.com/contextlogger/pytwink.git,src/cxx_positioner.hpp,Python.h
https://github.com/erkarl/pysqlite.git,src/backup.h,Python.h
https://github.com/contextlogger/pyswinst.git,src/local_epoc_py_utils.h,Python.h
https://github.com/zheli/PySimCan.git,SimCan/SimCan/SimCanModule.cpp,Python.h
https://github.com/bcdm/python-rt.git,python-rt.c,Python.h
https://github.com/monokrome/metamod-python.git,src/CPythonManager.cpp,Python.h
https://github.com/pombredanne/pkg-python-django-extensions.git,django_extensions/utils/uuid.py,ctypes
https://github.com/pope/python-blink1.git,device.c,Python.h
https://github.com/cactus/pycronkite.git,src/pycronkite.c,Python.h
https://github.com/jemc/pyxcal.git,pyxcal.c,Python.h
https://github.com/tinyclues/python-crack.git,crack.c,Python.h
https://github.com/eggpi/python-binarytree.git,binarytree.c,Python.h
https://github.com/pld-linux/python-Cython.git,python-Cython.spec,Cython
https://github.com/fmoo/python-libfov.git,fov/fov.c,Python.h
https://github.com/joe-jordan/pylibtiff3d.git,README.md,ctypes
https://github.com/simonwistow/Python-Serialise-Pickle.git,lib/Python/Serialise/Pickle.pm,Python.h
https://github.com/fbtdev/pysqlite.git,src/backup.h,Python.h
https://github.com/hollobon/pybitset.git,bitsetmodule.c,Python.h
https://github.com/srid/py-extn-shared.git,foo.c,Python.h
https://github.com/fuzzy/pyrctl.git,src/pyrctl.c,Cython
https://github.com/BabylonJS/Extensions.git,ForumArchive/acc/post_34333_page_1.js,Python.h
https://github.com/harrydeluxe/extjs-ux.git,ux/form/field/tinymce/plugins/fullpage/css/fullpage.css,ctypes
https://github.com/h3xstream/burp-retire-js.git,libs/zap-2.4.3.jar,ctypes
https://github.com/MicrosoftEdge/JsDbg.git,server/JsDbg.Gdb/JsDbg.py,Python.h
https://github.com/carlo-/jsinjector.git,jsInjector.safariextension/settings/ace-builds/src-noconflict/mode-coldfusion.js,cffi
https://github.com/jhen0409/react-chrome-extension-boilerplate.git,yarn.lock,ctypes
https://github.com/megaboich/js-map-parser.git,source/JsParser.Test/Parser/Source/Frameworks/angular_v1.4.0-rc.2.js,Python.h
https://github.com/burnson/Reverb.js.git,Library/SampleBachCMinorPrelude.wav.base64,cffi
https://github.com/petarvucetin/RxJS-Examples.git,testing/nodejs/node_modules/mocha/node_modules/jade/jade.js,ctypes
https://github.com/miktemk/angular-pickadate.js.git,angular.js,Python.h
https://github.com/zkoss/zk-angular.git,src/main/resources/web/js/ng/ext/angular.js,Python.h
https://github.com/vjsrinath/ReactJsJSXTransformer.git,lib/node_modules/grunt/node_modules/js-yaml/node_modules/argparse/lib/argument_parser.js,Python.h
https://github.com/lidaa/LidaaTwigBundle.git,Resources/doc/html.rst,ctypes
https://github.com/dantman/mwjs.git,includes/Feed.php,ctypes
https://github.com/alex2stf/sten-js.git,build/Release/obj/sten/sten.obj,ctypes
https://github.com/jean-pasqualini/chrome-extension-json-translate-angular.git,app/bower_components/angular/angular.js,Python.h
https://github.com/jpweeks/threeio.git,BLENDER_USER_SCRIPTS/modules/msgpack/_unpacker.pyx,Python.h
https://github.com/javierdlahoz/magentoExtension.git,magento/app/code/core/Mage/Adminhtml/Block/Sales/Order/Create/Billing/Method/Form.php,ctypes
https://github.com/davidc538/node_dynamic_array.git,node_modules/node-gyp/gyp/pylib/gyp/generator/ninja.py,ctypes
https://github.com/SeevenDev/JS-Exec.git,js_exec/js/ace/mode-coldfusion.js,cffi
https://github.com/parasj/dashing-piechart.git,node_modules/dashing-js/node_modules/jade/Readme_zh-cn.md,ctypes
https://github.com/twitwi/Presentation-2013-SoftShake-DeckJs.git,media/clones.jpg,cffi
https://github.com/arjunmehta/theInternodeOfThings.git,Server/node_modules/jade/jade.js,ctypes
https://github.com/dreamingblackcat/oneclick-fontchanger-site.git,node_modules/jade/Readme_zh-cn.md,ctypes
https://github.com/dborza/angluar-chromeapp.git,js/angular.js,Python.h
https://github.com/ludorival/vscode-preview-jsdoc.git,vscode-preview-jsdoc.gif,cffi
https://github.com/jeromewu/tesseract.js-chrome-extension.git,js/worker.min.js.map,ctypes
https://github.com/imanmahjoubi/ucla-project2.git,package-lock.json,ctypes
https://github.com/jsreport/jsreport-unoconv.git,test/unoconv.py,ctypes
https://github.com/js-next/js-ext.git,poetry.lock,cffi
https://github.com/dkorenblyum/editor.js.git,node_modules/fsevents/node_modules/sax/README.md,ctypes
https://github.com/eGust/injector-pro.git,yarn.lock,ctypes
https://github.com/jiripolcar/JsonMultilineEscapeUnEspace.git,node_modules/argparse/lib/argument_parser.js,Python.h
https://github.com/petamaj/node-tracer.git,deps/gtest/include/gtest/internal/gtest-port.h,ctypes
https://github.com/ricozhuthegreat/Tfjs-Extension.git,node_modules/@parcel/logger/yarn-error.log,ctypes
https://github.com/ivaylo9512/Extension-Repository-Remastered.git,server-side-EXE/server_side.exe,Python.h
https://github.com/lucaprevitali/js-to-coffee.git,node_modules/argparse/lib/argument_parser.js,Python.h
https://github.com/stephenpoole/facebook-adblock-extension.git,screenshot-1280x800.psd,cffi
https://github.com/qingxiang-jia/coffee-compiler.git,coffee-compiler/node_modules/argparse/lib/argument_parser.js,Python.h
https://github.com/1mgr007/discord-musicbot-addon.git,node_modules/sax/README.md,ctypes
https://github.com/RodneyMcQuain/Fast-Twitch-Games-ReactJS.git,node_modules/argparse/lib/argument_parser.js,Python.h
https://github.com/RodneyMcQuain/Fast-Twitch-Games-ReactJS-with-Redux.git,node_modules/argparse/lib/argument_parser.js,Python.h
https://github.com/andy23512/zenotes.git,yarn.lock,ctypes
https://github.com/tokyosheep/sample_json.git,node_modules/argparse/lib/argument_parser.js,Python.h
https://github.com/VictorYu379/Invertor.git,package-lock.json,ctypes
https://github.com/dev-taha-shakeel/Node-with-Express-and-Babel.git,node_modules/doctypes/README.md,ctypes
https://github.com/raza11409652/TodoList.git,node_modules/browser-sync-ui/public/js/app.js.map,Python.h
https://github.com/JoeKarlsson/best-buy-product-locator-chrome-extension.git,package-lock.json,ctypes
https://github.com/deepanshnagaria/BlogApp_2.0.git,blogapp/node_modules/npm/node_modules/node-gyp/gyp/pylib/gyp/generator/ninja.py,ctypes
