c2py,pyObject^^^/Users/dinobecaj/LocalDocuments/LyonsDB/c2py/3rd_party/include/pybind11/attr.h^^^/Users/dinobecaj/LocalDocuments/LyonsDB/c2py/3rd_party/include/pybind11/embed.h^^^/Users/dinobecaj/LocalDocuments/LyonsDB/c2py/3rd_party/include/pybind11/numpy.h^^^/Users/dinobecaj/LocalDocuments/LyonsDB/c2py/3rd_party/include/pybind11/pybind11.h^^^/Users/dinobecaj/LocalDocuments/LyonsDB/c2py/3rd_party/include/pybind11/detail/internals.h^^^/Users/dinobecaj/LocalDocuments/LyonsDB/c2py/3rd_party/include/pybind11/detail/common.h^^^/Users/dinobecaj/LocalDocuments/LyonsDB/c2py/3rd_party/include/pybind11/detail/class.h^^^/Users/dinobecaj/LocalDocuments/LyonsDB/c2py/3rd_party/include/pybind11/detail/init.h^^^/Users/dinobecaj/LocalDocuments/LyonsDB/c2py/3rd_party/include/pybind11/eval.h^^^/Users/dinobecaj/LocalDocuments/LyonsDB/c2py/3rd_party/include/pybind11/cast.h^^^/Users/dinobecaj/LocalDocuments/LyonsDB/c2py/3rd_party/include/pybind11/pytypes.h^^^/Users/dinobecaj/LocalDocuments/LyonsDB/c2py/3rd_party/Python37/include/classobject.h^^^/Users/dinobecaj/LocalDocuments/LyonsDB/c2py/3rd_party/Python37/include/cellobject.h^^^/Users/dinobecaj/LocalDocuments/LyonsDB/c2py/3rd_party/Python37/include/pyarena.h^^^/Users/dinobecaj/LocalDocuments/LyonsDB/c2py/3rd_party/Python37/include/sliceobject.h^^^/Users/dinobecaj/LocalDocuments/LyonsDB/c2py/3rd_party/Python37/include/tupleobject.h^^^/Users/dinobecaj/LocalDocuments/LyonsDB/c2py/3rd_party/Python37/include/marshal.h^^^/Users/dinobecaj/LocalDocuments/LyonsDB/c2py/3rd_party/Python37/include/py_curses.h^^^/Users/dinobecaj/LocalDocuments/LyonsDB/c2py/3rd_party/Python37/include/iterobject.h^^^/Users/dinobecaj/LocalDocuments/LyonsDB/c2py/3rd_party/Python37/include/asdl.h^^^/Users/dinobecaj/LocalDocuments/LyonsDB/c2py/3rd_party/Python37/include/pystrtod.h^^^/Users/dinobecaj/LocalDocuments/LyonsDB/c2py/3rd_party/Python37/include/warnings.h^^^/Users/dinobecaj/LocalDocuments/LyonsDB/c2py/3rd_party/Python37/include/pycapsule.h^^^/Users/dinobecaj/LocalDocuments/LyonsDB/c2py/3rd_party/Python37/include/pyerrors.h^^^/Users/dinobecaj/LocalDocuments/LyonsDB/c2py/3rd_party/Python37/include/accu.h^^^/Users/dinobecaj/LocalDocuments/LyonsDB/c2py/3rd_party/Python37/include/fileutils.h^^^/Users/dinobecaj/LocalDocuments/LyonsDB/c2py/3rd_party/Python37/include/parsetok.h^^^/Users/dinobecaj/LocalDocuments/LyonsDB/c2py/3rd_party/Python37/include/dictobject.h^^^/Users/dinobecaj/LocalDocuments/LyonsDB/c2py/3rd_party/Python37/include/ceval.h^^^/Users/dinobecaj/LocalDocuments/LyonsDB/c2py/3rd_party/Python37/include/pystate.h^^^/Users/dinobecaj/LocalDocuments/LyonsDB/c2py/3rd_party/Python37/include/floatobject.h^^^/Users/dinobecaj/LocalDocuments/LyonsDB/c2py/3rd_party/Python37/include/namespaceobject.h^^^/Users/dinobecaj/LocalDocuments/LyonsDB/c2py/3rd_party/Python37/include/longintrepr.h^^^/Users/dinobecaj/LocalDocuments/LyonsDB/c2py/3rd_party/Python37/include/structmember.h^^^/Users/dinobecaj/LocalDocuments/LyonsDB/c2py/3rd_party/Python37/include/code.h^^^/Users/dinobecaj/LocalDocuments/LyonsDB/c2py/3rd_party/Python37/include/frameobject.h^^^/Users/dinobecaj/LocalDocuments/LyonsDB/c2py/3rd_party/Python37/include/abstract.h^^^/Users/dinobecaj/LocalDocuments/LyonsDB/c2py/3rd_party/Python37/include/context.h^^^/Users/dinobecaj/LocalDocuments/LyonsDB/c2py/3rd_party/Python37/include/modsupport.h^^^/Users/dinobecaj/LocalDocuments/LyonsDB/c2py/3rd_party/Python37/include/pylifecycle.h^^^/Users/dinobecaj/LocalDocuments/LyonsDB/c2py/3rd_party/Python37/include/internal/hamt.h^^^/Users/dinobecaj/LocalDocuments/LyonsDB/c2py/3rd_party/Python37/include/internal/warnings.h^^^/Users/dinobecaj/LocalDocuments/LyonsDB/c2py/3rd_party/Python37/include/internal/context.h^^^/Users/dinobecaj/LocalDocuments/LyonsDB/c2py/3rd_party/Python37/include/internal/mem.h^^^/Users/dinobecaj/LocalDocuments/LyonsDB/c2py/3rd_party/Python37/include/datetime.h^^^/Users/dinobecaj/LocalDocuments/LyonsDB/c2py/3rd_party/Python37/include/methodobject.h^^^/Users/dinobecaj/LocalDocuments/LyonsDB/c2py/3rd_party/Python37/include/genobject.h^^^/Users/dinobecaj/LocalDocuments/LyonsDB/c2py/3rd_party/Python37/include/pymem.h^^^/Users/dinobecaj/LocalDocuments/LyonsDB/c2py/3rd_party/Python37/include/boolobject.h^^^/Users/dinobecaj/LocalDocuments/LyonsDB/c2py/3rd_party/Python37/include/fileobject.h^^^/Users/dinobecaj/LocalDocuments/LyonsDB/c2py/3rd_party/Python37/include/weakrefobject.h^^^/Users/dinobecaj/LocalDocuments/LyonsDB/c2py/3rd_party/Python37/include/moduleobject.h^^^/Users/dinobecaj/LocalDocuments/LyonsDB/c2py/3rd_party/Python37/include/symtable.h^^^/Users/dinobecaj/LocalDocuments/LyonsDB/c2py/3rd_party/Python37/include/odictobject.h^^^/Users/dinobecaj/LocalDocuments/LyonsDB/c2py/3rd_party/Python37/include/ast.h^^^/Users/dinobecaj/LocalDocuments/LyonsDB/c2py/3rd_party/Python37/include/compile.h^^^/Users/dinobecaj/LocalDocuments/LyonsDB/c2py/3rd_party/Python37/include/eval.h^^^/Users/dinobecaj/LocalDocuments/LyonsDB/c2py/3rd_party/Python37/include/setobject.h^^^/Users/dinobecaj/LocalDocuments/LyonsDB/c2py/3rd_party/Python37/include/codecs.h^^^/Users/dinobecaj/LocalDocuments/LyonsDB/c2py/3rd_party/Python37/include/complexobject.h^^^/Users/dinobecaj/LocalDocuments/LyonsDB/c2py/3rd_party/Python37/include/pystrhex.h^^^/Users/dinobecaj/LocalDocuments/LyonsDB/c2py/3rd_party/Python37/include/object.h^^^/Users/dinobecaj/LocalDocuments/LyonsDB/c2py/3rd_party/Python37/include/structseq.h^^^/Users/dinobecaj/LocalDocuments/LyonsDB/c2py/3rd_party/Python37/include/bytearrayobject.h^^^/Users/dinobecaj/LocalDocuments/LyonsDB/c2py/3rd_party/Python37/include/pytime.h^^^/Users/dinobecaj/LocalDocuments/LyonsDB/c2py/3rd_party/Python37/include/import.h^^^/Users/dinobecaj/LocalDocuments/LyonsDB/c2py/3rd_party/Python37/include/ucnhash.h^^^/Users/dinobecaj/LocalDocuments/LyonsDB/c2py/3rd_party/Python37/include/pythonrun.h^^^/Users/dinobecaj/LocalDocuments/LyonsDB/c2py/3rd_party/Python37/include/unicodeobject.h^^^/Users/dinobecaj/LocalDocuments/LyonsDB/c2py/3rd_party/Python37/include/Python-ast.h^^^/Users/dinobecaj/LocalDocuments/LyonsDB/c2py/3rd_party/Python37/include/traceback.h^^^/Users/dinobecaj/LocalDocuments/LyonsDB/c2py/3rd_party/Python37/include/funcobject.h^^^/Users/dinobecaj/LocalDocuments/LyonsDB/c2py/3rd_party/Python37/include/greenlet/greenlet.h^^^/Users/dinobecaj/LocalDocuments/LyonsDB/c2py/3rd_party/Python37/include/pythread.h^^^/Users/dinobecaj/LocalDocuments/LyonsDB/c2py/3rd_party/Python37/include/memoryobject.h^^^/Users/dinobecaj/LocalDocuments/LyonsDB/c2py/3rd_party/Python37/include/descrobject.h^^^/Users/dinobecaj/LocalDocuments/LyonsDB/c2py/3rd_party/Python37/include/objimpl.h^^^/Users/dinobecaj/LocalDocuments/LyonsDB/c2py/3rd_party/Python37/include/pyport.h^^^/Users/dinobecaj/LocalDocuments/LyonsDB/c2py/3rd_party/Python37/include/sysmodule.h^^^/Users/dinobecaj/LocalDocuments/LyonsDB/c2py/3rd_party/Python37/include/longobject.h^^^/Users/dinobecaj/LocalDocuments/LyonsDB/c2py/3rd_party/Python37/include/osmodule.h^^^/Users/dinobecaj/LocalDocuments/LyonsDB/c2py/3rd_party/Python37/include/bytesobject.h^^^/Users/dinobecaj/LocalDocuments/LyonsDB/c2py/3rd_party/Python37/include/listobject.h^^^/Users/dinobecaj/LocalDocuments/LyonsDB/c2py/3rd_party/Python37/include/bytes_methods.h^^^Binary file /Users/dinobecaj/LocalDocuments/LyonsDB/c2py/3rd_party/Python37/libs/python37.lib matches^^^Binary file /Users/dinobecaj/LocalDocuments/LyonsDB/c2py/3rd_party/Python37/libs/python37_d.lib matches^^^,PYBIND11_MODULE(^^^/Users/dinobecaj/LocalDocuments/LyonsDB/c2py/3rd_party/include/pybind11/detail/common.h^^^/Users/dinobecaj/LocalDocuments/LyonsDB/c2py/tests/combine/wrap_string_array/wrap_string_array.cpp^^^/Users/dinobecaj/LocalDocuments/LyonsDB/c2py/tests/combine/wrap_argument_as_output/wrap_argument_as_output.cpp^^^/Users/dinobecaj/LocalDocuments/LyonsDB/c2py/tests/cpp_side/binding/binding.cpp^^^/Users/dinobecaj/LocalDocuments/LyonsDB/c2py/tests/combined/wrap_c_function_callback/wrap_c_function_callback.cpp^^^/Users/dinobecaj/LocalDocuments/LyonsDB/c2py/tests/combined/exception_handling/exception_handling.cpp^^^/Users/dinobecaj/LocalDocuments/LyonsDB/c2py/c2py/templates/module.cpp^^^,
llvm,pyObject^^^/Users/dinobecaj/LocalDocuments/LyonsDB/llvm/test/CodeGen/X86/2007-08-09-IllegalX86-64Asm.ll^^^,FFI()^^^/Users/dinobecaj/LocalDocuments/LyonsDB/llvm/test/CodeGen/Mips/Fast-ISel/callabi.ll^^^,
cext23,cythonize(^^^/Users/dinobecaj/LocalDocuments/LyonsDB/cext23/setup.py^^^,FFI()^^^/Users/dinobecaj/LocalDocuments/LyonsDB/cext23/cext23/cffi/cextcffi_build.py^^^,
cffibuilder,pyObject^^^/Users/dinobecaj/LocalDocuments/LyonsDB/cffibuilder/cffibuilder/genengine_cpy.py^^^/Users/dinobecaj/LocalDocuments/LyonsDB/cffibuilder/c/misc_win32.h^^^/Users/dinobecaj/LocalDocuments/LyonsDB/cffibuilder/c/file_emulator.h^^^/Users/dinobecaj/LocalDocuments/LyonsDB/cffibuilder/c/wchar_helper.h^^^/Users/dinobecaj/LocalDocuments/LyonsDB/cffibuilder/c/_cffi_backend.c^^^/Users/dinobecaj/LocalDocuments/LyonsDB/cffibuilder/c/minibuffer.h^^^,FFI()^^^/Users/dinobecaj/LocalDocuments/LyonsDB/cffibuilder/testing/callback_in_thread.py^^^,
py-ext-test,pyObject^^^/Users/dinobecaj/LocalDocuments/LyonsDB/py-ext-test/pymath.h^^^/Users/dinobecaj/LocalDocuments/LyonsDB/py-ext-test/pymath.c^^^,FFI()^^^/Users/dinobecaj/LocalDocuments/LyonsDB/py-ext-test/ext_test/cffimath.py^^^,
cython_export,cythonize(^^^/Users/dinobecaj/LocalDocuments/LyonsDB/cython_export/cython_split/setup.py^^^/Users/dinobecaj/LocalDocuments/LyonsDB/cython_export/cython_wrapping_c/setup.py^^^/Users/dinobecaj/LocalDocuments/LyonsDB/cython_export/cython/setup.py^^^,pyObject^^^/Users/dinobecaj/LocalDocuments/LyonsDB/cython_export/cython_split/_simple_client.c^^^/Users/dinobecaj/LocalDocuments/LyonsDB/cython_export/cython_wrapping_c/_simple_client.c^^^/Users/dinobecaj/LocalDocuments/LyonsDB/cython_export/pure_c/_simple_module.c^^^/Users/dinobecaj/LocalDocuments/LyonsDB/cython_export/pure_c/_simple_client.c^^^/Users/dinobecaj/LocalDocuments/LyonsDB/cython_export/cython/_simple_client.c^^^,
pykorea-cext-examples,pyObject^^^/Users/dinobecaj/LocalDocuments/LyonsDB/pykorea-cext-examples/chi2-capi/_chi2.c^^^/Users/dinobecaj/LocalDocuments/LyonsDB/pykorea-cext-examples/chi2-cython/example_chi2_generated.c^^^,FFI()^^^/Users/dinobecaj/LocalDocuments/LyonsDB/pykorea-cext-examples/chi2-cffi/test.py^^^,
tp_matrix_extenstion,cythonize(^^^/Users/dinobecaj/LocalDocuments/LyonsDB/tp_matrix_extenstion/cython_matrix/setup.py^^^,pyObject^^^/Users/dinobecaj/LocalDocuments/LyonsDB/tp_matrix_extenstion/matrix.cpp^^^/Users/dinobecaj/LocalDocuments/LyonsDB/tp_matrix_extenstion/cython_matrix/cython_matrix.c^^^,
kconv_Cython,cythonize(^^^/Users/dinobecaj/LocalDocuments/LyonsDB/kconv_Cython/setup.py^^^,pyObject^^^/Users/dinobecaj/LocalDocuments/LyonsDB/kconv_Cython/kconv_wrapper.c^^^,
python-c-api-example,cythonize(^^^/Users/dinobecaj/LocalDocuments/LyonsDB/python-c-api-example/setup.py^^^,pyObject^^^/Users/dinobecaj/LocalDocuments/LyonsDB/python-c-api-example/fibonacci.c^^^,
PyBloom,cythonize(^^^/Users/dinobecaj/LocalDocuments/LyonsDB/PyBloom/setup.py^^^,pyObject^^^/Users/dinobecaj/LocalDocuments/LyonsDB/PyBloom/pybloom/pybloom.c^^^,
visr-cpp-library-example,pyObject^^^/Users/dinobecaj/LocalDocuments/LyonsDB/visr-cpp-library-example/3rd/pybind11/include/pybind11/attr.h^^^/Users/dinobecaj/LocalDocuments/LyonsDB/visr-cpp-library-example/3rd/pybind11/include/pybind11/embed.h^^^/Users/dinobecaj/LocalDocuments/LyonsDB/visr-cpp-library-example/3rd/pybind11/include/pybind11/numpy.h^^^/Users/dinobecaj/LocalDocuments/LyonsDB/visr-cpp-library-example/3rd/pybind11/include/pybind11/pybind11.h^^^/Users/dinobecaj/LocalDocuments/LyonsDB/visr-cpp-library-example/3rd/pybind11/include/pybind11/detail/internals.h^^^/Users/dinobecaj/LocalDocuments/LyonsDB/visr-cpp-library-example/3rd/pybind11/include/pybind11/detail/common.h^^^/Users/dinobecaj/LocalDocuments/LyonsDB/visr-cpp-library-example/3rd/pybind11/include/pybind11/detail/class.h^^^/Users/dinobecaj/LocalDocuments/LyonsDB/visr-cpp-library-example/3rd/pybind11/include/pybind11/detail/init.h^^^/Users/dinobecaj/LocalDocuments/LyonsDB/visr-cpp-library-example/3rd/pybind11/include/pybind11/eval.h^^^/Users/dinobecaj/LocalDocuments/LyonsDB/visr-cpp-library-example/3rd/pybind11/include/pybind11/cast.h^^^/Users/dinobecaj/LocalDocuments/LyonsDB/visr-cpp-library-example/3rd/pybind11/include/pybind11/pytypes.h^^^/Users/dinobecaj/LocalDocuments/LyonsDB/visr-cpp-library-example/3rd/pybind11/tests/test_methods_and_attributes.cpp^^^/Users/dinobecaj/LocalDocuments/LyonsDB/visr-cpp-library-example/3rd/pybind11/tests/test_class.cpp^^^/Users/dinobecaj/LocalDocuments/LyonsDB/visr-cpp-library-example/3rd/pybind11/tests/constructor_stats.h^^^/Users/dinobecaj/LocalDocuments/LyonsDB/visr-cpp-library-example/3rd/pybind11/tests/test_call_policies.cpp^^^/Users/dinobecaj/LocalDocuments/LyonsDB/visr-cpp-library-example/3rd/pybind11/tests/test_sequences_and_iterators.cpp^^^/Users/dinobecaj/LocalDocuments/LyonsDB/visr-cpp-library-example/3rd/pybind11/tests/test_pytypes.cpp^^^/Users/dinobecaj/LocalDocuments/LyonsDB/visr-cpp-library-example/3rd/pybind11/docs/advanced/cast/custom.rst^^^,PYBIND11_MODULE(^^^/Users/dinobecaj/LocalDocuments/LyonsDB/visr-cpp-library-example/pythonwrappers/drcmodule.cpp^^^/Users/dinobecaj/LocalDocuments/LyonsDB/visr-cpp-library-example/3rd/pybind11/include/pybind11/detail/common.h^^^/Users/dinobecaj/LocalDocuments/LyonsDB/visr-cpp-library-example/3rd/pybind11/tests/test_embed/external_module.cpp^^^/Users/dinobecaj/LocalDocuments/LyonsDB/visr-cpp-library-example/3rd/pybind11/tests/pybind11_cross_module_tests.cpp^^^/Users/dinobecaj/LocalDocuments/LyonsDB/visr-cpp-library-example/3rd/pybind11/tests/pybind11_tests.cpp^^^/Users/dinobecaj/LocalDocuments/LyonsDB/visr-cpp-library-example/3rd/pybind11/tests/test_cmake_build/main.cpp^^^/Users/dinobecaj/LocalDocuments/LyonsDB/visr-cpp-library-example/3rd/pybind11/docs/advanced/pycpp/numpy.rst^^^/Users/dinobecaj/LocalDocuments/LyonsDB/visr-cpp-library-example/3rd/pybind11/docs/advanced/cast/functional.rst^^^/Users/dinobecaj/LocalDocuments/LyonsDB/visr-cpp-library-example/3rd/pybind11/docs/advanced/classes.rst^^^/Users/dinobecaj/LocalDocuments/LyonsDB/visr-cpp-library-example/3rd/pybind11/docs/advanced/smart_ptrs.rst^^^/Users/dinobecaj/LocalDocuments/LyonsDB/visr-cpp-library-example/3rd/pybind11/docs/advanced/misc.rst^^^/Users/dinobecaj/LocalDocuments/LyonsDB/visr-cpp-library-example/3rd/pybind11/docs/benchmark.py^^^/Users/dinobecaj/LocalDocuments/LyonsDB/visr-cpp-library-example/3rd/pybind11/docs/classes.rst^^^/Users/dinobecaj/LocalDocuments/LyonsDB/visr-cpp-library-example/3rd/pybind11/docs/benchmark.rst^^^/Users/dinobecaj/LocalDocuments/LyonsDB/visr-cpp-library-example/3rd/pybind11/docs/upgrade.rst^^^/Users/dinobecaj/LocalDocuments/LyonsDB/visr-cpp-library-example/3rd/pybind11/docs/basics.rst^^^/Users/dinobecaj/LocalDocuments/LyonsDB/visr-cpp-library-example/3rd/pybind11/docs/changelog.rst^^^/Users/dinobecaj/LocalDocuments/LyonsDB/visr-cpp-library-example/3rd/pybind11/docs/faq.rst^^^,
xmlwriter,pyObject^^^/Users/dinobecaj/LocalDocuments/LyonsDB/xmlwriter/Discoveries.md^^^/Users/dinobecaj/LocalDocuments/LyonsDB/xmlwriter/xmlwriter/xmlwriter.xcodeproj/project.pbxproj^^^/Users/dinobecaj/LocalDocuments/LyonsDB/xmlwriter/xmlwriter/xmlwriter.xcodeproj/xcuserdata/paulross.xcuserdatad/xcdebugger/Breakpoints_v2.xcbkptlist^^^Binary file /Users/dinobecaj/LocalDocuments/LyonsDB/xmlwriter/xmlwriter/xmlwriter.xcodeproj/project.xcworkspace/xcuserdata/paulross.xcuserdatad/UserInterfaceState.xcuserstate matches^^^/Users/dinobecaj/LocalDocuments/LyonsDB/xmlwriter/xmlwriter/cpy/utils/ConvertPyStr.cpp^^^/Users/dinobecaj/LocalDocuments/LyonsDB/xmlwriter/xmlwriter/cpy/utils/cpython_asserts.cpp^^^/Users/dinobecaj/LocalDocuments/LyonsDB/xmlwriter/xmlwriter/cpy/utils/ConvertPyDict.h^^^/Users/dinobecaj/LocalDocuments/LyonsDB/xmlwriter/xmlwriter/cpy/utils/ConvertPyList.h^^^/Users/dinobecaj/LocalDocuments/LyonsDB/xmlwriter/xmlwriter/cpy/utils/ConvertPyBytes.h^^^/Users/dinobecaj/LocalDocuments/LyonsDB/xmlwriter/xmlwriter/cpy/utils/TestCPythonUtils.cpp^^^/Users/dinobecaj/LocalDocuments/LyonsDB/xmlwriter/xmlwriter/cpy/utils/ConvertPyBytes.cpp^^^/Users/dinobecaj/LocalDocuments/LyonsDB/xmlwriter/xmlwriter/cpy/utils/ConvertPyBytearray.h^^^/Users/dinobecaj/LocalDocuments/LyonsDB/xmlwriter/xmlwriter/cpy/utils/ConvertPyStr.h^^^/Users/dinobecaj/LocalDocuments/LyonsDB/xmlwriter/xmlwriter/cpy/utils/CPythonUtils.h^^^/Users/dinobecaj/LocalDocuments/LyonsDB/xmlwriter/xmlwriter/cpy/utils/DefaultArguments.h^^^/Users/dinobecaj/LocalDocuments/LyonsDB/xmlwriter/xmlwriter/cpy/utils/RefWrapper.h^^^/Users/dinobecaj/LocalDocuments/LyonsDB/xmlwriter/xmlwriter/cpy/utils/PyObjectWrapper.h^^^/Users/dinobecaj/LocalDocuments/LyonsDB/xmlwriter/xmlwriter/cpy/utils/cpython_asserts.h^^^/Users/dinobecaj/LocalDocuments/LyonsDB/xmlwriter/xmlwriter/cpy/utils/ConvertPySet.h^^^/Users/dinobecaj/LocalDocuments/LyonsDB/xmlwriter/xmlwriter/cpy/utils/ConvertPyBytearray.cpp^^^/Users/dinobecaj/LocalDocuments/LyonsDB/xmlwriter/xmlwriter/cpy/cXmlWrite.cpp^^^Binary file /Users/dinobecaj/LocalDocuments/LyonsDB/xmlwriter/.git/index matches^^^,PYBIND11_MODULE(^^^/Users/dinobecaj/LocalDocuments/LyonsDB/xmlwriter/xmlwriter/py/xmlwriter/pydoc2cppdoc.py^^^/Users/dinobecaj/LocalDocuments/LyonsDB/xmlwriter/xmlwriter/cpy/pbXmlWrite.cpp^^^,JQuery.ajax(^^^/Users/dinobecaj/LocalDocuments/LyonsDB/xmlwriter/docs/_static/jquery-3.2.1.js^^^,
pypow10,cythonize(^^^/Users/dinobecaj/LocalDocuments/LyonsDB/pypow10/cython-based/setup.py^^^,pyObject^^^/Users/dinobecaj/LocalDocuments/LyonsDB/pypow10/extension-based/extpow10.c^^^,FFI()^^^/Users/dinobecaj/LocalDocuments/LyonsDB/pypow10/cffi-based/cffipow10_builder.py^^^,
PYB11Generator,pyObject^^^/Users/dinobecaj/LocalDocuments/LyonsDB/PYB11Generator/docs/pybind11_objects.txt^^^,PYBIND11_MODULE(^^^/Users/dinobecaj/LocalDocuments/LyonsDB/PYB11Generator/PYB11Generator/__init__.py^^^/Users/dinobecaj/LocalDocuments/LyonsDB/PYB11Generator/docs/intro.rst^^^,
PySnip,cythonize(^^^/Users/dinobecaj/LocalDocuments/LyonsDB/PySnip/build.py^^^,pyObject^^^/Users/dinobecaj/LocalDocuments/LyonsDB/PySnip/pyspades/vxl_c.cpp^^^/Users/dinobecaj/LocalDocuments/LyonsDB/PySnip/pyspades/bytes_c.cpp^^^,
python-preview,pyObject^^^/Users/dinobecaj/LocalDocuments/LyonsDB/python-preview/pythonFiles/pydev/pg_logger.py^^^,JQuery.ajax(^^^/Users/dinobecaj/LocalDocuments/LyonsDB/python-preview/preview-src/lib/jquery-ui-1.11.4/external/jquery/jquery.js^^^,
pyquickhelper,cythonize(^^^/Users/dinobecaj/LocalDocuments/LyonsDB/pyquickhelper/_unittests/ut_helpgen/notebooks/td1a_cenonce_session_11.ipynb^^^,pyObject^^^/Users/dinobecaj/LocalDocuments/LyonsDB/pyquickhelper/_unittests/ut_helpgen/test_module_c.py^^^,
pythonhacks,cythonize(^^^/Users/dinobecaj/LocalDocuments/LyonsDB/pythonhacks/cython/PyQuant/setup_0.py^^^/Users/dinobecaj/LocalDocuments/LyonsDB/pythonhacks/cython/PyQuant/setup0.py^^^/Users/dinobecaj/LocalDocuments/LyonsDB/pythonhacks/cython/PyQuant/setup.py^^^/Users/dinobecaj/LocalDocuments/LyonsDB/pythonhacks/cython/PyQuant/setup2.py^^^,pyObject^^^/Users/dinobecaj/LocalDocuments/LyonsDB/pythonhacks/swig/example_cpp/example_wrap.cxx^^^/Users/dinobecaj/LocalDocuments/LyonsDB/pythonhacks/fib2/fib2.c^^^/Users/dinobecaj/LocalDocuments/LyonsDB/pythonhacks/cython/demo/boostregex/regex2/dateparser.cpp^^^Binary file /Users/dinobecaj/LocalDocuments/LyonsDB/pythonhacks/cython/demo/boostregex/regex2/dateparser.pyd matches^^^/Users/dinobecaj/LocalDocuments/LyonsDB/pythonhacks/cython/demo/numpy/matrix/matrix.cpp^^^/Users/dinobecaj/LocalDocuments/LyonsDB/pythonhacks/cython/cythoncpp/rectangle.cpp^^^,
Pythia,cythonize(^^^/Users/dinobecaj/LocalDocuments/LyonsDB/Pythia/src/Pythia/python/adapter_import_test/cython_module_source/setup.py^^^,pyObject^^^/Users/dinobecaj/LocalDocuments/LyonsDB/Pythia/src/UnitTests/SQF_Writing.cpp^^^/Users/dinobecaj/LocalDocuments/LyonsDB/Pythia/src/UnitTests/SQF_Reading.cpp^^^/Users/dinobecaj/LocalDocuments/LyonsDB/Pythia/src/UnitTests/SQF_Fuzzing.cpp^^^/Users/dinobecaj/LocalDocuments/LyonsDB/Pythia/src/Pythia/ExceptionFetcher.cpp^^^/Users/dinobecaj/LocalDocuments/LyonsDB/Pythia/src/Pythia/EmbeddedPython.cpp^^^/Users/dinobecaj/LocalDocuments/LyonsDB/Pythia/src/Pythia/SQFWriter.cpp^^^/Users/dinobecaj/LocalDocuments/LyonsDB/Pythia/src/Pythia/SQFWriter.h^^^/Users/dinobecaj/LocalDocuments/LyonsDB/Pythia/src/Pythia/ExceptionFetcher.h^^^Binary file /Users/dinobecaj/LocalDocuments/LyonsDB/Pythia/src/Pythia/python/adapter_import_test/module_one/hello.cp35-win32.pyd matches^^^Binary file /Users/dinobecaj/LocalDocuments/LyonsDB/Pythia/src/Pythia/python/adapter_import_test/module_one/hello.cp35-win_amd64.pyd matches^^^/Users/dinobecaj/LocalDocuments/LyonsDB/Pythia/src/Pythia/SQFReader.cpp^^^/Users/dinobecaj/LocalDocuments/LyonsDB/Pythia/src/Pythia/SQFReader.h^^^/Users/dinobecaj/LocalDocuments/LyonsDB/Pythia/src/Pythia/EmbeddedPython.h^^^/Users/dinobecaj/LocalDocuments/LyonsDB/Pythia/src/Pythia/Modules/pythiainternal.cpp^^^/Users/dinobecaj/LocalDocuments/LyonsDB/Pythia/src/Pythia/Modules/pythialogger.cpp^^^,
pystackreg,pyObject^^^/Users/dinobecaj/LocalDocuments/LyonsDB/pystackreg/src/py_import_call_execute.cpp^^^/Users/dinobecaj/LocalDocuments/LyonsDB/pystackreg/src/pymain.cpp^^^,JQuery.ajax(^^^/Users/dinobecaj/LocalDocuments/LyonsDB/pystackreg/docs/_build/html/_static/jquery-3.2.1.js^^^,
eider-pybind11,pyObject^^^/Users/dinobecaj/LocalDocuments/LyonsDB/eider-pybind11/include/eider_pybind11.hpp^^^,PYBIND11_MODULE(^^^/Users/dinobecaj/LocalDocuments/LyonsDB/eider-pybind11/src/test.cpp^^^,
pygotham-2019-rust-extensions,cythonize(^^^/Users/dinobecaj/LocalDocuments/LyonsDB/pygotham-2019-rust-extensions/code/cython_module/setup.py^^^,pyObject^^^/Users/dinobecaj/LocalDocuments/LyonsDB/pygotham-2019-rust-extensions/_posts/0000-04-05-rust-pyo3.md^^^/Users/dinobecaj/LocalDocuments/LyonsDB/pygotham-2019-rust-extensions/_posts/0000-03-05-c-api.md^^^/Users/dinobecaj/LocalDocuments/LyonsDB/pygotham-2019-rust-extensions/code/c_module/src/ext.c^^^,
pycon2015,pyObject^^^/Users/dinobecaj/LocalDocuments/LyonsDB/pycon2015/slides/concepts.html^^^/Users/dinobecaj/LocalDocuments/LyonsDB/pycon2015/examples/api_cmp.c^^^/Users/dinobecaj/LocalDocuments/LyonsDB/pycon2015/examples/args.c^^^/Users/dinobecaj/LocalDocuments/LyonsDB/pycon2015/examples/basic.c^^^/Users/dinobecaj/LocalDocuments/LyonsDB/pycon2015/examples/api_call.c^^^/Users/dinobecaj/LocalDocuments/LyonsDB/pycon2015/examples/api_as.c^^^/Users/dinobecaj/LocalDocuments/LyonsDB/pycon2015/examples/true.c^^^/Users/dinobecaj/LocalDocuments/LyonsDB/pycon2015/examples/pyobject.c^^^/Users/dinobecaj/LocalDocuments/LyonsDB/pycon2015/examples/function.c^^^/Users/dinobecaj/LocalDocuments/LyonsDB/pycon2015/examples/refs.c^^^/Users/dinobecaj/LocalDocuments/LyonsDB/pycon2015/examples/obj_init.c^^^/Users/dinobecaj/LocalDocuments/LyonsDB/pycon2015/examples/no_gil.c^^^/Users/dinobecaj/LocalDocuments/LyonsDB/pycon2015/examples/api_check.c^^^/Users/dinobecaj/LocalDocuments/LyonsDB/pycon2015/examples/kwargs.c^^^/Users/dinobecaj/LocalDocuments/LyonsDB/pycon2015/examples/api_str.c^^^/Users/dinobecaj/LocalDocuments/LyonsDB/pycon2015/examples/obj_method.c^^^/Users/dinobecaj/LocalDocuments/LyonsDB/pycon2015/examples/obj_new.c^^^/Users/dinobecaj/LocalDocuments/LyonsDB/pycon2015/examples/api_constructor.c^^^/Users/dinobecaj/LocalDocuments/LyonsDB/pycon2015/examples/extern_c.cpp^^^/Users/dinobecaj/LocalDocuments/LyonsDB/pycon2015/examples/obj_struct.c^^^/Users/dinobecaj/LocalDocuments/LyonsDB/pycon2015/examples/none.c^^^/Users/dinobecaj/LocalDocuments/LyonsDB/pycon2015/examples/api_getattr.c^^^/Users/dinobecaj/LocalDocuments/LyonsDB/pycon2015/examples/api_len.c^^^/Users/dinobecaj/LocalDocuments/LyonsDB/pycon2015/examples/obj_dealloc.c^^^/Users/dinobecaj/LocalDocuments/LyonsDB/pycon2015/examples/gil.c^^^/Users/dinobecaj/LocalDocuments/LyonsDB/pycon2015/examples/cpp.cpp^^^/Users/dinobecaj/LocalDocuments/LyonsDB/pycon2015/examples/api_getitem.c^^^Binary file /Users/dinobecaj/LocalDocuments/LyonsDB/pycon2015/.git/index matches^^^,FFI()^^^/Users/dinobecaj/LocalDocuments/LyonsDB/pycon2015/examples/cffi.pycon^^^,
pylondinium-2019-rust-extensions,cythonize(^^^/Users/dinobecaj/LocalDocuments/LyonsDB/pylondinium-2019-rust-extensions/code/cython_module/setup.py^^^,pyObject^^^/Users/dinobecaj/LocalDocuments/LyonsDB/pylondinium-2019-rust-extensions/_posts/0000-04-05-rust-pyo3.md^^^/Users/dinobecaj/LocalDocuments/LyonsDB/pylondinium-2019-rust-extensions/_posts/0000-03-05-c-api.md^^^/Users/dinobecaj/LocalDocuments/LyonsDB/pylondinium-2019-rust-extensions/code/c_module/src/ext.c^^^,
python_manylinux_cmake_test_project,pyObject^^^/Users/dinobecaj/LocalDocuments/LyonsDB/python_manylinux_cmake_test_project/sip-4.18/sipgen/transform.c^^^/Users/dinobecaj/LocalDocuments/LyonsDB/python_manylinux_cmake_test_project/sip-4.18/sipgen/gencode.c^^^/Users/dinobecaj/LocalDocuments/LyonsDB/python_manylinux_cmake_test_project/sip-4.18/sipgen/parser.h^^^/Users/dinobecaj/LocalDocuments/LyonsDB/python_manylinux_cmake_test_project/sip-4.18/sipgen/lexer.c^^^/Users/dinobecaj/LocalDocuments/LyonsDB/python_manylinux_cmake_test_project/sip-4.18/sipgen/sip.h^^^/Users/dinobecaj/LocalDocuments/LyonsDB/python_manylinux_cmake_test_project/sip-4.18/sipgen/metasrc/lexer.l^^^/Users/dinobecaj/LocalDocuments/LyonsDB/python_manylinux_cmake_test_project/sip-4.18/sipgen/metasrc/parser.y^^^/Users/dinobecaj/LocalDocuments/LyonsDB/python_manylinux_cmake_test_project/sip-4.18/sipgen/export.c^^^/Users/dinobecaj/LocalDocuments/LyonsDB/python_manylinux_cmake_test_project/sip-4.18/sipgen/parser.c^^^/Users/dinobecaj/LocalDocuments/LyonsDB/python_manylinux_cmake_test_project/sip-4.18/sipgen/type_hints.c^^^/Users/dinobecaj/LocalDocuments/LyonsDB/python_manylinux_cmake_test_project/sip-4.18/ChangeLog^^^/Users/dinobecaj/LocalDocuments/LyonsDB/python_manylinux_cmake_test_project/sip-4.18/NEWS^^^/Users/dinobecaj/LocalDocuments/LyonsDB/python_manylinux_cmake_test_project/sip-4.18/sphinx/annotations.rst^^^/Users/dinobecaj/LocalDocuments/LyonsDB/python_manylinux_cmake_test_project/sip-4.18/sphinx/specification_files.rst^^^/Users/dinobecaj/LocalDocuments/LyonsDB/python_manylinux_cmake_test_project/sip-4.18/sphinx/directives.rst^^^/Users/dinobecaj/LocalDocuments/LyonsDB/python_manylinux_cmake_test_project/sip-4.18/sphinx/c_api.rst^^^/Users/dinobecaj/LocalDocuments/LyonsDB/python_manylinux_cmake_test_project/sip-4.18/sphinx/embedding.rst^^^/Users/dinobecaj/LocalDocuments/LyonsDB/python_manylinux_cmake_test_project/sip-4.18/doc/html/annotations.html^^^/Users/dinobecaj/LocalDocuments/LyonsDB/python_manylinux_cmake_test_project/sip-4.18/doc/html/directives.html^^^/Users/dinobecaj/LocalDocuments/LyonsDB/python_manylinux_cmake_test_project/sip-4.18/doc/html/searchindex.js^^^/Users/dinobecaj/LocalDocuments/LyonsDB/python_manylinux_cmake_test_project/sip-4.18/doc/html/_sources/directives.txt^^^/Users/dinobecaj/LocalDocuments/LyonsDB/python_manylinux_cmake_test_project/sip-4.18/doc/html/_sources/specification_files.txt^^^/Users/dinobecaj/LocalDocuments/LyonsDB/python_manylinux_cmake_test_project/sip-4.18/doc/html/_sources/annotations.txt^^^/Users/dinobecaj/LocalDocuments/LyonsDB/python_manylinux_cmake_test_project/sip-4.18/doc/html/_sources/embedding.txt^^^/Users/dinobecaj/LocalDocuments/LyonsDB/python_manylinux_cmake_test_project/sip-4.18/doc/html/_sources/c_api.txt^^^/Users/dinobecaj/LocalDocuments/LyonsDB/python_manylinux_cmake_test_project/sip-4.18/doc/html/c_api.html^^^/Users/dinobecaj/LocalDocuments/LyonsDB/python_manylinux_cmake_test_project/sip-4.18/doc/html/genindex.html^^^/Users/dinobecaj/LocalDocuments/LyonsDB/python_manylinux_cmake_test_project/sip-4.18/doc/html/embedding.html^^^/Users/dinobecaj/LocalDocuments/LyonsDB/python_manylinux_cmake_test_project/sip-4.18/doc/html/specification_files.html^^^/Users/dinobecaj/LocalDocuments/LyonsDB/python_manylinux_cmake_test_project/sip-4.18/siplib/voidptr.c^^^/Users/dinobecaj/LocalDocuments/LyonsDB/python_manylinux_cmake_test_project/sip-4.18/siplib/siplib.c.in^^^/Users/dinobecaj/LocalDocuments/LyonsDB/python_manylinux_cmake_test_project/sip-4.18/siplib/objmap.c^^^/Users/dinobecaj/LocalDocuments/LyonsDB/python_manylinux_cmake_test_project/sip-4.18/siplib/array.c^^^/Users/dinobecaj/LocalDocuments/LyonsDB/python_manylinux_cmake_test_project/sip-4.18/siplib/sip.h.in^^^/Users/dinobecaj/LocalDocuments/LyonsDB/python_manylinux_cmake_test_project/sip-4.18/siplib/sip.h^^^/Users/dinobecaj/LocalDocuments/LyonsDB/python_manylinux_cmake_test_project/sip-4.18/siplib/apiversions.c^^^/Users/dinobecaj/LocalDocuments/LyonsDB/python_manylinux_cmake_test_project/sip-4.18/siplib/siplib.c^^^/Users/dinobecaj/LocalDocuments/LyonsDB/python_manylinux_cmake_test_project/sip-4.18/siplib/array.h^^^/Users/dinobecaj/LocalDocuments/LyonsDB/python_manylinux_cmake_test_project/sip-4.18/siplib/descriptors.c^^^/Users/dinobecaj/LocalDocuments/LyonsDB/python_manylinux_cmake_test_project/sip-4.18/siplib/qtlib.c^^^/Users/dinobecaj/LocalDocuments/LyonsDB/python_manylinux_cmake_test_project/sip-4.18/siplib/threads.c^^^/Users/dinobecaj/LocalDocuments/LyonsDB/python_manylinux_cmake_test_project/sip-4.18/siplib/sipint.h^^^,JQuery.ajax(^^^/Users/dinobecaj/LocalDocuments/LyonsDB/python_manylinux_cmake_test_project/sip-4.18/doc/html/_static/jquery-1.11.1.js^^^,
offline-python,pyObject^^^/Users/dinobecaj/LocalDocuments/LyonsDB/offline-python/js/lib/python2.7/unicodedata.so.js^^^/Users/dinobecaj/LocalDocuments/LyonsDB/offline-python/js/lib/python2.7/_random.so.js^^^Binary file /Users/dinobecaj/LocalDocuments/LyonsDB/offline-python/js/lib/python2.7/distutils/command/wininst-7.1.exe matches^^^Binary file /Users/dinobecaj/LocalDocuments/LyonsDB/offline-python/js/lib/python2.7/distutils/command/wininst-9.0-amd64.exe matches^^^Binary file /Users/dinobecaj/LocalDocuments/LyonsDB/offline-python/js/lib/python2.7/distutils/command/wininst-6.0.exe matches^^^Binary file /Users/dinobecaj/LocalDocuments/LyonsDB/offline-python/js/lib/python2.7/distutils/command/wininst-8.0.exe matches^^^Binary file /Users/dinobecaj/LocalDocuments/LyonsDB/offline-python/js/lib/python2.7/distutils/command/wininst-9.0.exe matches^^^/Users/dinobecaj/LocalDocuments/LyonsDB/offline-python/js/lib/python2.7/future_builtins.so.js^^^/Users/dinobecaj/LocalDocuments/LyonsDB/offline-python/js/lib/python2.7/pyexpat.so.js^^^/Users/dinobecaj/LocalDocuments/LyonsDB/offline-python/js/lib/python2.7/ctypes/test/test_callbacks.py^^^/Users/dinobecaj/LocalDocuments/LyonsDB/offline-python/js/lib/python2.7/ctypes/test/test_python_api.py^^^/Users/dinobecaj/LocalDocuments/LyonsDB/offline-python/js/lib/python2.7/operator.so.js^^^/Users/dinobecaj/LocalDocuments/LyonsDB/offline-python/js/lib/python2.7/time.so.js^^^/Users/dinobecaj/LocalDocuments/LyonsDB/offline-python/js/lib/python2.7/grp.so.js^^^/Users/dinobecaj/LocalDocuments/LyonsDB/offline-python/js/lib/python2.7/dl.so.js^^^/Users/dinobecaj/LocalDocuments/LyonsDB/offline-python/js/lib/python2.7/resource.so.js^^^/Users/dinobecaj/LocalDocuments/LyonsDB/offline-python/js/lib/python2.7/cmath.so.js^^^/Users/dinobecaj/LocalDocuments/LyonsDB/offline-python/js/lib/python2.7/test/test_unicode.py^^^/Users/dinobecaj/LocalDocuments/LyonsDB/offline-python/js/lib/python2.7/test/crashers/borrowed_ref_2.py^^^/Users/dinobecaj/LocalDocuments/LyonsDB/offline-python/js/lib/python2.7/test/test_gzip.py^^^/Users/dinobecaj/LocalDocuments/LyonsDB/offline-python/js/lib/python2.7/test/test_richcmp.py^^^/Users/dinobecaj/LocalDocuments/LyonsDB/offline-python/js/lib/python2.7/test/test_enumerate.py^^^/Users/dinobecaj/LocalDocuments/LyonsDB/offline-python/js/lib/python2.7/test/test_hash.py^^^/Users/dinobecaj/LocalDocuments/LyonsDB/offline-python/js/lib/python2.7/test/test_memoryview.py^^^/Users/dinobecaj/LocalDocuments/LyonsDB/offline-python/js/lib/python2.7/test/test_builtin.py^^^/Users/dinobecaj/LocalDocuments/LyonsDB/offline-python/js/lib/python2.7/test/test_isinstance.py^^^/Users/dinobecaj/LocalDocuments/LyonsDB/offline-python/js/lib/python2.7/test/test_gdb.py^^^/Users/dinobecaj/LocalDocuments/LyonsDB/offline-python/js/lib/python2.7/_json.so.js^^^/Users/dinobecaj/LocalDocuments/LyonsDB/offline-python/js/lib/python2.7/_locale.so.js^^^/Users/dinobecaj/LocalDocuments/LyonsDB/offline-python/js/lib/python2.7/_sha.so.js^^^/Users/dinobecaj/LocalDocuments/LyonsDB/offline-python/js/lib/python2.7/zlib.so.js^^^/Users/dinobecaj/LocalDocuments/LyonsDB/offline-python/js/lib/python2.7/_collections.so.js^^^/Users/dinobecaj/LocalDocuments/LyonsDB/offline-python/js/lib/python2.7/_sha256.so.js^^^/Users/dinobecaj/LocalDocuments/LyonsDB/offline-python/js/lib/python2.7/_codecs_jp.so.js^^^/Users/dinobecaj/LocalDocuments/LyonsDB/offline-python/js/lib/python2.7/math.so.js^^^/Users/dinobecaj/LocalDocuments/LyonsDB/offline-python/js/lib/python2.7/_codecs_tw.so.js^^^/Users/dinobecaj/LocalDocuments/LyonsDB/offline-python/js/lib/python2.7/mmap.so.js^^^/Users/dinobecaj/LocalDocuments/LyonsDB/offline-python/js/lib/python2.7/itertools.so.js^^^/Users/dinobecaj/LocalDocuments/LyonsDB/offline-python/js/lib/python2.7/array.so.js^^^/Users/dinobecaj/LocalDocuments/LyonsDB/offline-python/js/lib/python2.7/_codecs_hk.so.js^^^/Users/dinobecaj/LocalDocuments/LyonsDB/offline-python/js/lib/python2.7/fcntl.so.js^^^/Users/dinobecaj/LocalDocuments/LyonsDB/offline-python/js/lib/python2.7/_lsprof.so.js^^^/Users/dinobecaj/LocalDocuments/LyonsDB/offline-python/js/lib/python2.7/_csv.so.js^^^/Users/dinobecaj/LocalDocuments/LyonsDB/offline-python/js/lib/python2.7/parser.so.js^^^/Users/dinobecaj/LocalDocuments/LyonsDB/offline-python/js/lib/python2.7/syslog.so.js^^^/Users/dinobecaj/LocalDocuments/LyonsDB/offline-python/js/lib/python2.7/_elementtree.so.js^^^/Users/dinobecaj/LocalDocuments/LyonsDB/offline-python/js/lib/python2.7/imageop.so.js^^^/Users/dinobecaj/LocalDocuments/LyonsDB/offline-python/js/lib/python2.7/_io.so.js^^^/Users/dinobecaj/LocalDocuments/LyonsDB/offline-python/js/lib/python2.7/_bisect.so.js^^^/Users/dinobecaj/LocalDocuments/LyonsDB/offline-python/js/lib/python2.7/bz2.so.js^^^/Users/dinobecaj/LocalDocuments/LyonsDB/offline-python/js/lib/python2.7/_codecs_iso2022.so.js^^^/Users/dinobecaj/LocalDocuments/LyonsDB/offline-python/js/lib/python2.7/datetime.so.js^^^/Users/dinobecaj/LocalDocuments/LyonsDB/offline-python/js/lib/python2.7/binascii.so.js^^^/Users/dinobecaj/LocalDocuments/LyonsDB/offline-python/js/lib/python2.7/cStringIO.so.js^^^/Users/dinobecaj/LocalDocuments/LyonsDB/offline-python/js/lib/python2.7/audioop.so.js^^^/Users/dinobecaj/LocalDocuments/LyonsDB/offline-python/js/lib/python2.7/pickle.py^^^/Users/dinobecaj/LocalDocuments/LyonsDB/offline-python/js/lib/python2.7/_testcapi.so.js^^^/Users/dinobecaj/LocalDocuments/LyonsDB/offline-python/js/lib/python2.7/_codecs_kr.so.js^^^/Users/dinobecaj/LocalDocuments/LyonsDB/offline-python/js/lib/python2.7/cPickle.so.js^^^/Users/dinobecaj/LocalDocuments/LyonsDB/offline-python/js/lib/python2.7/_md5.so.js^^^/Users/dinobecaj/LocalDocuments/LyonsDB/offline-python/js/lib/python2.7/_codecs_cn.so.js^^^/Users/dinobecaj/LocalDocuments/LyonsDB/offline-python/js/lib/python2.7/crypt.so.js^^^/Users/dinobecaj/LocalDocuments/LyonsDB/offline-python/js/lib/python2.7/_multibytecodec.so.js^^^/Users/dinobecaj/LocalDocuments/LyonsDB/offline-python/js/lib/python2.7/strop.so.js^^^/Users/dinobecaj/LocalDocuments/LyonsDB/offline-python/js/lib/python2.7/nis.so.js^^^/Users/dinobecaj/LocalDocuments/LyonsDB/offline-python/js/lib/python2.7/_hotshot.so.js^^^/Users/dinobecaj/LocalDocuments/LyonsDB/offline-python/js/lib/python2.7/_functools.so.js^^^/Users/dinobecaj/LocalDocuments/LyonsDB/offline-python/js/lib/python2.7/_struct.so.js^^^/Users/dinobecaj/LocalDocuments/LyonsDB/offline-python/js/lib/python2.7/_sha512.so.js^^^/Users/dinobecaj/LocalDocuments/LyonsDB/offline-python/js/lib/python2.7/_socket.so.js^^^/Users/dinobecaj/LocalDocuments/LyonsDB/offline-python/js/lib/python2.7/_heapq.so.js^^^/Users/dinobecaj/LocalDocuments/LyonsDB/offline-python/js/lib/python2.7/spwd.so.js^^^/Users/dinobecaj/LocalDocuments/LyonsDB/offline-python/js/python.opt.js^^^/Users/dinobecaj/LocalDocuments/LyonsDB/offline-python/js/ace/worker-css.js^^^/Users/dinobecaj/LocalDocuments/LyonsDB/offline-python/js/ace/worker-coffee.js^^^/Users/dinobecaj/LocalDocuments/LyonsDB/offline-python/js/ace/worker-javascript.js^^^/Users/dinobecaj/LocalDocuments/LyonsDB/offline-python/js/ace/worker-json.js^^^/Users/dinobecaj/LocalDocuments/LyonsDB/offline-python/js/ace/worker-php.js^^^/Users/dinobecaj/LocalDocuments/LyonsDB/offline-python/js/ace/ace.js^^^/Users/dinobecaj/LocalDocuments/LyonsDB/offline-python/js/ace/worker-xquery.js^^^,emscripten_run_script^^^/Users/dinobecaj/LocalDocuments/LyonsDB/offline-python/js/python.opt.js^^^,
js-map-parser,pyObject^^^Binary file /Users/dinobecaj/LocalDocuments/LyonsDB/js-map-parser/source/JsParser.NppPlugin/tools/ILMerge/ILMerge.exe matches^^^,JQuery.ajax(^^^/Users/dinobecaj/LocalDocuments/LyonsDB/js-map-parser/source/JsParser.Test/Parser/Source/Frameworks/jquery-2.1.4.js^^^,
backbone-shared.js,pyObject^^^/Users/dinobecaj/LocalDocuments/LyonsDB/backbone-shared.js/examples/node_modules/share/examples/lib/ace/worker-css.js^^^/Users/dinobecaj/LocalDocuments/LyonsDB/backbone-shared.js/examples/node_modules/share/examples/lib/ace/worker-coffee.js^^^/Users/dinobecaj/LocalDocuments/LyonsDB/backbone-shared.js/examples/node_modules/share/examples/lib/ace/worker-javascript.js^^^/Users/dinobecaj/LocalDocuments/LyonsDB/backbone-shared.js/examples/node_modules/share/examples/lib/ace/ace.js^^^/Users/dinobecaj/LocalDocuments/LyonsDB/backbone-shared.js/examples/node_modules/share/examples/lib/ace/ace-uncompressed.js^^^,JQuery.ajax(^^^/Users/dinobecaj/LocalDocuments/LyonsDB/backbone-shared.js/examples/node_modules/connect/node_modules/qs/test/browser/jquery.js^^^/Users/dinobecaj/LocalDocuments/LyonsDB/backbone-shared.js/examples/node_modules/share/node_modules/browserchannel/node_modules/connect/node_modules/qs/test/browser/jquery.js^^^/Users/dinobecaj/LocalDocuments/LyonsDB/backbone-shared.js/examples/node_modules/share/node_modules/connect/node_modules/qs/test/browser/jquery.js^^^/Users/dinobecaj/LocalDocuments/LyonsDB/backbone-shared.js/examples/public/lib/jquery.js^^^,
magentoExtension,pyObject^^^/Users/dinobecaj/LocalDocuments/LyonsDB/magentoExtension/magento15/lib/Zend/Service/Amazon/S3.php^^^/Users/dinobecaj/LocalDocuments/LyonsDB/magentoExtension/magento/lib/Zend/Service/Amazon/S3.php^^^/Users/dinobecaj/LocalDocuments/LyonsDB/magentoExtension/magento18/lib/Zend/Service/Amazon/S3.php^^^/Users/dinobecaj/LocalDocuments/LyonsDB/magentoExtension/magento16/lib/Zend/Service/Amazon/S3.php^^^/Users/dinobecaj/LocalDocuments/LyonsDB/magentoExtension/magento18_old/lib/Zend/Service/Amazon/S3.php^^^/Users/dinobecaj/LocalDocuments/LyonsDB/magentoExtension/magento17/lib/Zend/Service/Amazon/S3.php^^^,JQuery.ajax(^^^/Users/dinobecaj/LocalDocuments/LyonsDB/magentoExtension/magento15/app/design/frontend/base/default/template/bighippo/signaturerequired/checkout.phtml^^^/Users/dinobecaj/LocalDocuments/LyonsDB/magentoExtension/magento18/app/design/frontend/base/default/template/bighippo/signaturerequired/checkout.phtml^^^/Users/dinobecaj/LocalDocuments/LyonsDB/magentoExtension/magento16/app/design/frontend/base/default/template/bighippo/signaturerequired/checkout.phtml^^^/Users/dinobecaj/LocalDocuments/LyonsDB/magentoExtension/magento18_old/app/design/frontend/base/default/template/bighippo/signaturerequired/checkout.phtml^^^/Users/dinobecaj/LocalDocuments/LyonsDB/magentoExtension/magento17/app/design/frontend/base/default/template/bighippo/signaturerequired/checkout.phtml^^^,
threeVP-Extras.js,pyObject^^^/Users/dinobecaj/LocalDocuments/LyonsDB/threeVP-Extras.js/dist/threeVP-Pack.js^^^/Users/dinobecaj/LocalDocuments/LyonsDB/threeVP-Extras.js/dist/pack-onpla.js^^^/Users/dinobecaj/LocalDocuments/LyonsDB/threeVP-Extras.js/src/vendor/lodash/lodash.js^^^/Users/dinobecaj/LocalDocuments/LyonsDB/threeVP-Extras.js/src/vendor/threeVP/core.js^^^,JQuery.ajax(^^^/Users/dinobecaj/LocalDocuments/LyonsDB/threeVP-Extras.js/dist/threeVP-Pack.js^^^/Users/dinobecaj/LocalDocuments/LyonsDB/threeVP-Extras.js/dist/pack-onpla.js^^^/Users/dinobecaj/LocalDocuments/LyonsDB/threeVP-Extras.js/src/vendor/threeVP/core.js^^^,
node-tracer,pyObject^^^/Users/dinobecaj/LocalDocuments/LyonsDB/node-tracer/tools/markupsafe/_speedups.c^^^/Users/dinobecaj/LocalDocuments/LyonsDB/node-tracer/tools/jinja2/debug.py^^^/Users/dinobecaj/LocalDocuments/LyonsDB/node-tracer/tools/node_modules/babel-eslint/node_modules/lodash/_baseAssign.js^^^/Users/dinobecaj/LocalDocuments/LyonsDB/node-tracer/tools/node_modules/babel-eslint/node_modules/lodash/assignInWith.js^^^/Users/dinobecaj/LocalDocuments/LyonsDB/node-tracer/tools/node_modules/babel-eslint/node_modules/lodash/_copySymbolsIn.js^^^/Users/dinobecaj/LocalDocuments/LyonsDB/node-tracer/tools/node_modules/babel-eslint/node_modules/lodash/core.js^^^/Users/dinobecaj/LocalDocuments/LyonsDB/node-tracer/tools/node_modules/babel-eslint/node_modules/lodash/assignWith.js^^^/Users/dinobecaj/LocalDocuments/LyonsDB/node-tracer/tools/node_modules/babel-eslint/node_modules/lodash/assignIn.js^^^/Users/dinobecaj/LocalDocuments/LyonsDB/node-tracer/tools/node_modules/babel-eslint/node_modules/lodash/omit.js^^^/Users/dinobecaj/LocalDocuments/LyonsDB/node-tracer/tools/node_modules/babel-eslint/node_modules/lodash/_baseAssignIn.js^^^/Users/dinobecaj/LocalDocuments/LyonsDB/node-tracer/tools/node_modules/babel-eslint/node_modules/lodash/toPlainObject.js^^^/Users/dinobecaj/LocalDocuments/LyonsDB/node-tracer/tools/node_modules/babel-eslint/node_modules/lodash/_copyObject.js^^^/Users/dinobecaj/LocalDocuments/LyonsDB/node-tracer/tools/node_modules/babel-eslint/node_modules/lodash/_copySymbols.js^^^/Users/dinobecaj/LocalDocuments/LyonsDB/node-tracer/tools/node_modules/babel-eslint/node_modules/lodash/lodash.js^^^/Users/dinobecaj/LocalDocuments/LyonsDB/node-tracer/tools/node_modules/babel-eslint/node_modules/lodash/assign.js^^^/Users/dinobecaj/LocalDocuments/LyonsDB/node-tracer/tools/node_modules/eslint/node_modules/lodash/_baseAssign.js^^^/Users/dinobecaj/LocalDocuments/LyonsDB/node-tracer/tools/node_modules/eslint/node_modules/lodash/assignInWith.js^^^/Users/dinobecaj/LocalDocuments/LyonsDB/node-tracer/tools/node_modules/eslint/node_modules/lodash/_copySymbolsIn.js^^^/Users/dinobecaj/LocalDocuments/LyonsDB/node-tracer/tools/node_modules/eslint/node_modules/lodash/core.js^^^/Users/dinobecaj/LocalDocuments/LyonsDB/node-tracer/tools/node_modules/eslint/node_modules/lodash/assignWith.js^^^/Users/dinobecaj/LocalDocuments/LyonsDB/node-tracer/tools/node_modules/eslint/node_modules/lodash/assignIn.js^^^/Users/dinobecaj/LocalDocuments/LyonsDB/node-tracer/tools/node_modules/eslint/node_modules/lodash/omit.js^^^/Users/dinobecaj/LocalDocuments/LyonsDB/node-tracer/tools/node_modules/eslint/node_modules/lodash/_baseAssignIn.js^^^/Users/dinobecaj/LocalDocuments/LyonsDB/node-tracer/tools/node_modules/eslint/node_modules/lodash/toPlainObject.js^^^/Users/dinobecaj/LocalDocuments/LyonsDB/node-tracer/tools/node_modules/eslint/node_modules/lodash/_copyObject.js^^^/Users/dinobecaj/LocalDocuments/LyonsDB/node-tracer/tools/node_modules/eslint/node_modules/lodash/_copySymbols.js^^^/Users/dinobecaj/LocalDocuments/LyonsDB/node-tracer/tools/node_modules/eslint/node_modules/lodash/lodash.js^^^/Users/dinobecaj/LocalDocuments/LyonsDB/node-tracer/tools/node_modules/eslint/node_modules/lodash/assign.js^^^/Users/dinobecaj/LocalDocuments/LyonsDB/node-tracer/lib/internal/fs/promises.js^^^/Users/dinobecaj/LocalDocuments/LyonsDB/node-tracer/lib/internal/fs/streams.js^^^/Users/dinobecaj/LocalDocuments/LyonsDB/node-tracer/lib/internal/fs/utils.js^^^/Users/dinobecaj/LocalDocuments/LyonsDB/node-tracer/lib/fs.js^^^/Users/dinobecaj/LocalDocuments/LyonsDB/node-tracer/deps/v8/ChangeLog^^^/Users/dinobecaj/LocalDocuments/LyonsDB/node-tracer/deps/v8/third_party/markupsafe/_speedups.c^^^/Users/dinobecaj/LocalDocuments/LyonsDB/node-tracer/deps/v8/third_party/jinja2/debug.py^^^/Users/dinobecaj/LocalDocuments/LyonsDB/node-tracer/deps/v8/src/elements.cc^^^/Users/dinobecaj/LocalDocuments/LyonsDB/node-tracer/deps/v8/src/heap/scavenger-inl.h^^^/Users/dinobecaj/LocalDocuments/LyonsDB/node-tracer/deps/v8/src/heap/scavenger.h^^^/Users/dinobecaj/LocalDocuments/LyonsDB/node-tracer/deps/icu-small/source/i18n/msgfmt.cpp^^^/Users/dinobecaj/LocalDocuments/LyonsDB/node-tracer/deps/icu-small/source/i18n/unicode/msgfmt.h^^^/Users/dinobecaj/LocalDocuments/LyonsDB/node-tracer/deps/icu-small/source/i18n/unicode/plurfmt.h^^^/Users/dinobecaj/LocalDocuments/LyonsDB/node-tracer/deps/icu-small/source/i18n/plurfmt.cpp^^^/Users/dinobecaj/LocalDocuments/LyonsDB/node-tracer/deps/npm/node_modules/har-validator/node_modules/ajv/dist/regenerator.min.js^^^/Users/dinobecaj/LocalDocuments/LyonsDB/node-tracer/deps/npm/node_modules/lodash.clonedeep/index.js^^^/Users/dinobecaj/LocalDocuments/LyonsDB/node-tracer/doc/changelogs/CHANGELOG_V7.md^^^Binary file /Users/dinobecaj/LocalDocuments/LyonsDB/node-tracer/.git/index matches^^^,FFI()^^^/Users/dinobecaj/LocalDocuments/LyonsDB/node-tracer/deps/v8/test/mjsunit/wasm/start-function.js^^^/Users/dinobecaj/LocalDocuments/LyonsDB/node-tracer/deps/v8/test/mjsunit/wasm/asm-wasm.js^^^,emscripten_run_script^^^/Users/dinobecaj/LocalDocuments/LyonsDB/node-tracer/deps/v8/test/mjsunit/asm/embenchen/box2d.js^^^/Users/dinobecaj/LocalDocuments/LyonsDB/node-tracer/deps/v8/test/mjsunit/wasm/embenchen/box2d.js^^^,
Learn-online,pyObject^^^/Users/dinobecaj/LocalDocuments/LyonsDB/Learn-online/chatbot/chatasync/repl.it - SourAlienatedEmulator_files/ace.js^^^,JQuery.ajax(^^^/Users/dinobecaj/LocalDocuments/LyonsDB/Learn-online/Nodejs/Basic JS/section-9/jquery-3.3.1.js^^^/Users/dinobecaj/LocalDocuments/LyonsDB/Learn-online/Nodejs/Basic JS/section-8/jquery-3.3.1.js^^^,
TodoList,pyObject^^^/Users/dinobecaj/LocalDocuments/LyonsDB/TodoList/node_modules/lodash/_baseAssign.js^^^/Users/dinobecaj/LocalDocuments/LyonsDB/TodoList/node_modules/lodash/assignInWith.js^^^/Users/dinobecaj/LocalDocuments/LyonsDB/TodoList/node_modules/lodash/_copySymbolsIn.js^^^/Users/dinobecaj/LocalDocuments/LyonsDB/TodoList/node_modules/lodash/core.js^^^/Users/dinobecaj/LocalDocuments/LyonsDB/TodoList/node_modules/lodash/assignWith.js^^^/Users/dinobecaj/LocalDocuments/LyonsDB/TodoList/node_modules/lodash/assignIn.js^^^/Users/dinobecaj/LocalDocuments/LyonsDB/TodoList/node_modules/lodash/omit.js^^^/Users/dinobecaj/LocalDocuments/LyonsDB/TodoList/node_modules/lodash/_baseAssignIn.js^^^/Users/dinobecaj/LocalDocuments/LyonsDB/TodoList/node_modules/lodash/toPlainObject.js^^^/Users/dinobecaj/LocalDocuments/LyonsDB/TodoList/node_modules/lodash/_copyObject.js^^^/Users/dinobecaj/LocalDocuments/LyonsDB/TodoList/node_modules/lodash/_copySymbols.js^^^/Users/dinobecaj/LocalDocuments/LyonsDB/TodoList/node_modules/lodash/lodash.js^^^/Users/dinobecaj/LocalDocuments/LyonsDB/TodoList/node_modules/lodash/assign.js^^^/Users/dinobecaj/LocalDocuments/LyonsDB/TodoList/node_modules/eazy-logger/lodash.custom.js^^^/Users/dinobecaj/LocalDocuments/LyonsDB/TodoList/node_modules/truffle/build/analytics.bundled.js^^^/Users/dinobecaj/LocalDocuments/LyonsDB/TodoList/node_modules/truffle/build/chain.bundled.js.map^^^/Users/dinobecaj/LocalDocuments/LyonsDB/TodoList/node_modules/truffle/build/cli.bundled.js^^^/Users/dinobecaj/LocalDocuments/LyonsDB/TodoList/node_modules/truffle/build/chain.bundled.js^^^/Users/dinobecaj/LocalDocuments/LyonsDB/TodoList/node_modules/truffle/build/cli.bundled.js.map^^^/Users/dinobecaj/LocalDocuments/LyonsDB/TodoList/node_modules/truffle/build/analytics.bundled.js.map^^^/Users/dinobecaj/LocalDocuments/LyonsDB/TodoList/node_modules/browser-sync/dist/lodash.custom.js^^^/Users/dinobecaj/LocalDocuments/LyonsDB/TodoList/node_modules/ajv/dist/regenerator.min.js^^^Binary file /Users/dinobecaj/LocalDocuments/LyonsDB/TodoList/.git/index matches^^^,JQuery.ajax(^^^/Users/dinobecaj/LocalDocuments/LyonsDB/TodoList/node_modules/truffle/build/analytics.bundled.js^^^/Users/dinobecaj/LocalDocuments/LyonsDB/TodoList/node_modules/truffle/build/chain.bundled.js.map^^^/Users/dinobecaj/LocalDocuments/LyonsDB/TodoList/node_modules/truffle/build/cli.bundled.js^^^/Users/dinobecaj/LocalDocuments/LyonsDB/TodoList/node_modules/truffle/build/chain.bundled.js^^^/Users/dinobecaj/LocalDocuments/LyonsDB/TodoList/node_modules/truffle/build/cli.bundled.js.map^^^/Users/dinobecaj/LocalDocuments/LyonsDB/TodoList/node_modules/truffle/build/analytics.bundled.js.map^^^,
ToDoList,pyObject^^^/Users/dinobecaj/LocalDocuments/LyonsDB/ToDoList/node_modules/lodash/_baseAssign.js^^^/Users/dinobecaj/LocalDocuments/LyonsDB/ToDoList/node_modules/lodash/assignInWith.js^^^/Users/dinobecaj/LocalDocuments/LyonsDB/ToDoList/node_modules/lodash/_copySymbolsIn.js^^^/Users/dinobecaj/LocalDocuments/LyonsDB/ToDoList/node_modules/lodash/core.js^^^/Users/dinobecaj/LocalDocuments/LyonsDB/ToDoList/node_modules/lodash/assignWith.js^^^/Users/dinobecaj/LocalDocuments/LyonsDB/ToDoList/node_modules/lodash/assignIn.js^^^/Users/dinobecaj/LocalDocuments/LyonsDB/ToDoList/node_modules/lodash/omit.js^^^/Users/dinobecaj/LocalDocuments/LyonsDB/ToDoList/node_modules/lodash/_baseAssignIn.js^^^/Users/dinobecaj/LocalDocuments/LyonsDB/ToDoList/node_modules/lodash/toPlainObject.js^^^/Users/dinobecaj/LocalDocuments/LyonsDB/ToDoList/node_modules/lodash/_copyObject.js^^^/Users/dinobecaj/LocalDocuments/LyonsDB/ToDoList/node_modules/lodash/_copySymbols.js^^^/Users/dinobecaj/LocalDocuments/LyonsDB/ToDoList/node_modules/lodash/lodash.js^^^/Users/dinobecaj/LocalDocuments/LyonsDB/ToDoList/node_modules/lodash/assign.js^^^/Users/dinobecaj/LocalDocuments/LyonsDB/ToDoList/node_modules/eazy-logger/lodash.custom.js^^^/Users/dinobecaj/LocalDocuments/LyonsDB/ToDoList/node_modules/truffle/build/analytics.bundled.js^^^/Users/dinobecaj/LocalDocuments/LyonsDB/ToDoList/node_modules/truffle/build/chain.bundled.js.map^^^/Users/dinobecaj/LocalDocuments/LyonsDB/ToDoList/node_modules/truffle/build/cli.bundled.js^^^/Users/dinobecaj/LocalDocuments/LyonsDB/ToDoList/node_modules/truffle/build/chain.bundled.js^^^/Users/dinobecaj/LocalDocuments/LyonsDB/ToDoList/node_modules/truffle/build/cli.bundled.js.map^^^/Users/dinobecaj/LocalDocuments/LyonsDB/ToDoList/node_modules/truffle/build/analytics.bundled.js.map^^^/Users/dinobecaj/LocalDocuments/LyonsDB/ToDoList/node_modules/browser-sync/dist/lodash.custom.js^^^/Users/dinobecaj/LocalDocuments/LyonsDB/ToDoList/node_modules/ajv/dist/regenerator.min.js^^^Binary file /Users/dinobecaj/LocalDocuments/LyonsDB/ToDoList/.git/index matches^^^,JQuery.ajax(^^^/Users/dinobecaj/LocalDocuments/LyonsDB/ToDoList/node_modules/truffle/build/analytics.bundled.js^^^/Users/dinobecaj/LocalDocuments/LyonsDB/ToDoList/node_modules/truffle/build/chain.bundled.js.map^^^/Users/dinobecaj/LocalDocuments/LyonsDB/ToDoList/node_modules/truffle/build/cli.bundled.js^^^/Users/dinobecaj/LocalDocuments/LyonsDB/ToDoList/node_modules/truffle/build/chain.bundled.js^^^/Users/dinobecaj/LocalDocuments/LyonsDB/ToDoList/node_modules/truffle/build/cli.bundled.js.map^^^/Users/dinobecaj/LocalDocuments/LyonsDB/ToDoList/node_modules/truffle/build/analytics.bundled.js.map^^^,
,Could not analyze.,
Unravel,pyObject^^^/Users/dinobecaj/LocalDocuments/LyonsDB/Unravel/public/tests/tumblr/index.js^^^,JQuery.ajax(^^^/Users/dinobecaj/LocalDocuments/LyonsDB/Unravel/chrome-extension/js/jQueryInjector.js^^^/Users/dinobecaj/LocalDocuments/LyonsDB/Unravel/public/tests/amazon/amazon_files/site-wide-10223378515._V1_.js^^^/Users/dinobecaj/LocalDocuments/LyonsDB/Unravel/public/tests/amazon/amazon.html^^^/Users/dinobecaj/LocalDocuments/LyonsDB/Unravel/public/tests/tumblr/exceptions.js^^^/Users/dinobecaj/LocalDocuments/LyonsDB/Unravel/public/javascripts/lib/jquery-2.1.4.js^^^,
project4,pyObject^^^/Users/dinobecaj/LocalDocuments/LyonsDB/project4/node_modules/lodash/_baseAssign.js^^^/Users/dinobecaj/LocalDocuments/LyonsDB/project4/node_modules/lodash/assignInWith.js^^^/Users/dinobecaj/LocalDocuments/LyonsDB/project4/node_modules/lodash/core.js^^^/Users/dinobecaj/LocalDocuments/LyonsDB/project4/node_modules/lodash/assignWith.js^^^/Users/dinobecaj/LocalDocuments/LyonsDB/project4/node_modules/lodash/assignIn.js^^^/Users/dinobecaj/LocalDocuments/LyonsDB/project4/node_modules/lodash/toPlainObject.js^^^/Users/dinobecaj/LocalDocuments/LyonsDB/project4/node_modules/lodash/_copyObject.js^^^/Users/dinobecaj/LocalDocuments/LyonsDB/project4/node_modules/lodash/_copySymbols.js^^^/Users/dinobecaj/LocalDocuments/LyonsDB/project4/node_modules/lodash/lodash.js^^^/Users/dinobecaj/LocalDocuments/LyonsDB/project4/node_modules/lodash/assign.js^^^/Users/dinobecaj/LocalDocuments/LyonsDB/project4/node_modules/lodash.assign/index.js^^^/Users/dinobecaj/LocalDocuments/LyonsDB/project4/node_modules/lodash.assignin/index.js^^^/Users/dinobecaj/LocalDocuments/LyonsDB/project4/node_modules/lodash.merge/index.js^^^/Users/dinobecaj/LocalDocuments/LyonsDB/project4/node_modules/lodash.defaults/index.js^^^/Users/dinobecaj/LocalDocuments/LyonsDB/project4/node_modules/lodash.clonedeep/index.js^^^Binary file /Users/dinobecaj/LocalDocuments/LyonsDB/project4/.git/index matches^^^,JQuery.ajax(^^^/Users/dinobecaj/LocalDocuments/LyonsDB/project4/node_modules/nodobjc/docs/assets/jquery-1.7.1.js^^^/Users/dinobecaj/LocalDocuments/LyonsDB/project4/controllers/product.html^^^,
shovelapps-cms,pyObject^^^/Users/dinobecaj/LocalDocuments/LyonsDB/shovelapps-cms/templates/admin/assets/ace/ace.js^^^/Users/dinobecaj/LocalDocuments/LyonsDB/shovelapps-cms/templates/admin/assets/ace/worker-html.js^^^,JQuery.ajax(^^^/Users/dinobecaj/LocalDocuments/LyonsDB/shovelapps-cms/templates/admin/assets/jquery/jquery.js^^^/Users/dinobecaj/LocalDocuments/LyonsDB/shovelapps-cms/templates/framework7/assets/jquery/jquery.js^^^/Users/dinobecaj/LocalDocuments/LyonsDB/shovelapps-cms/templates/bootstrap-3-jade/assets/jquery/jquery.js^^^,
